lam_id,pvm,havainnot,ka,p85,yli6,vk,ka_2025,yli6_2025,poikkeama_yli6,poikkeama_ka,ryhma
10,2026-07-27,6921,70.01863892501083,76,16.25487646293888,31,69.24208623875484,11.46702992865139,4.787846534287491,0.7765526862559966,KehaI
10,2026-07-28,6900,70.04753623188405,76,15.927536231884059,31,69.24208623875484,11.46702992865139,4.460506303232668,0.8054499931292156,KehaI
10,2026-07-29,7008,70.36829337899543,76,17.394406392694062,31,69.24208623875484,11.46702992865139,5.927376464042672,1.126207140240595,KehaI
10,2026-07-30,7100,70.12450704225353,76,16.154929577464788,31,69.24208623875484,11.46702992865139,4.6878996488133975,0.8824208034986896,KehaI
10,2026-07-31,7239,70.02914767233044,76,16.217709628401714,31,69.24208623875484,11.46702992865139,4.750679699750323,0.7870614335756017,KehaI
10,2026-08-03,7295,70.13255654557916,76,16.422206991089787,32,68.26129337113541,10.13230727690023,6.289899714189557,1.8712631744437545,KehaI
10,2026-08-04,7350,69.9512925170068,76,15.46938775510204,32,68.26129337113541,10.13230727690023,5.337080478201811,1.689999145871397,KehaI
10,2026-08-05,7311,69.80782382710983,76,15.579264122555054,32,68.26129337113541,10.13230727690023,5.4469568456548245,1.5465304559744197,KehaI
10,2026-08-06,7344,69.80433006535948,76,15.11437908496732,32,68.26129337113541,10.13230727690023,4.98207180806709,1.543036694224071,KehaI
10,2026-08-07,7385,70.11780636425186,76,15.991875423155044,32,68.26129337113541,10.13230727690023,5.859568146254814,1.8565129931164535,KehaI
10,2026-08-10,7371,69.02835436168769,75,13.91941391941392,33,67.91342311271693,10.550446159741611,3.3689677596723087,1.1149312489707626,KehaI
10,2026-08-11,7351,68.72153448510407,75,13.862059583730105,33,67.91342311271693,10.550446159741611,3.3116134239884936,0.8081113723871454,KehaI
10,2026-08-12,7521,68.95359659619731,75,13.9343172450472,33,67.91342311271693,10.550446159741611,3.3838710853055893,1.0401734834803875,KehaI
10,2026-08-13,7620,69.10892388451444,75,13.674540682414698,33,67.91342311271693,10.550446159741611,3.1240945226730865,1.1955007717975121,KehaI
10,2026-08-14,7766,69.87149111511718,76,15.554983260365697,33,67.91342311271693,10.550446159741611,5.004537100624086,1.9580680024002532,KehaI
10,2026-08-17,7354,69.34239869458798,76,15.121022572749524,34,67.88864909165414,10.435732823384784,4.68528974936474,1.45374960293384,KehaI
10,2026-08-18,7269,69.01141835190535,75,14.486174164259182,34,67.88864909165414,10.435732823384784,4.050441340874398,1.1227692602512036,KehaI
10,2026-08-20,7721,68.71661701852092,75,13.327289211242068,34,67.88864909165414,10.435732823384784,2.8915563878572836,0.8279679268667763,KehaI
10,2026-08-21,7912,69.20171890798787,75,13.725985844287159,34,67.88864909165414,10.435732823384784,3.290253020902375,1.3130698163337229,KehaI
10,2026-08-24,7464,69.05439442658093,75,13.933547695605574,35,68.05084448521477,10.492661342542629,3.440886353062945,1.0035499413661597,KehaI
10,2026-08-25,7555,68.73699536730642,75,13.633355393778954,35,68.05084448521477,10.492661342542629,3.1406940512363253,0.6861508820916526,KehaI
10,2026-08-26,7861,68.67523215875843,75,13.407963363439766,35,68.05084448521477,10.492661342542629,2.915302020897137,0.6243876735436658,KehaI
10,2026-08-27,7885,68.83969562460368,75,14.102726696258719,35,68.05084448521477,10.492661342542629,3.61006535371609,0.7888511393889104,KehaI
10,2026-08-28,7832,69.49629724208376,75,13.904494382022472,35,68.05084448521477,10.492661342542629,3.411833039479843,1.4454527568689883,KehaI
10,2026-08-31,7543,68.77064828317646,75,13.721331035397057,36,68.23753897262046,10.678157633187654,3.043173402209403,0.5331093105560001,KehaI
10,2026-09-01,7579,68.8819105422879,75,14.513788098693759,36,68.23753897262046,10.678157633187654,3.835630465506105,0.6443715696674417,KehaI
10,2026-09-02,7762,68.84346817830456,75,13.926822983767071,36,68.23753897262046,10.678157633187654,3.248665350579417,0.6059292056841059,KehaI
10,2026-09-03,7778,68.73785034713293,75,13.795320133710465,36,68.23753897262046,10.678157633187654,3.117162500522811,0.5003113745124779,KehaI
10,2026-09-04,7707,69.12339431685481,75,13.922408200337356,36,68.23753897262046,10.678157633187654,3.2442505671497024,0.8858553442343577,KehaI
10,2026-09-07,7445,69.18791134989927,75,14.116856950973808,37,68.25915408349944,10.79785926876553,3.3189976822082787,0.9287572663998276,KehaI
10,2026-09-08,7385,68.70223425863236,75,13.581584292484767,37,68.25915408349944,10.79785926876553,2.783725023719237,0.44308017513291986,KehaI
10,2026-09-09,7660,68.57872062663185,75,13.70757180156658,37,68.25915408349944,10.79785926876553,2.9097125328010502,0.3195665431324102,KehaI
10,2026-09-10,7757,68.87727214129174,75,13.252546087404925,37,68.25915408349944,10.79785926876553,2.454686818639395,0.6181180577923016,KehaI
10,2026-09-11,7741,69.42345950135642,75,13.977522283942642,37,68.25915408349944,10.79785926876553,3.1796630151771126,1.1643054178569798,KehaI
10,2026-09-14,7369,69.24413081829285,75,14.167458271135839,38,67.76933439639294,10.245236851510736,3.922221419625103,1.4747964218999101,KehaI
10,2026-09-15,7451,68.9840289893974,75,13.984700040263052,38,67.76933439639294,10.245236851510736,3.7394631887523158,1.2146945930044666,KehaI
10,2026-09-16,7567,68.58556891766882,75,13.466367120391173,38,67.76933439639294,10.245236851510736,3.2211302688804366,0.8162345212758879,KehaI
10,2026-09-17,7584,68.93631329113924,75,13.304324894514767,38,67.76933439639294,10.245236851510736,3.0590880430040315,1.1669788947463076,KehaI
10,2026-09-18,8119,68.81056780391674,75,11.78716590713142,38,67.76933439639294,10.245236851510736,1.5419290556206846,1.041233407523805,KehaI
10,2026-09-21,7398,69.1609894566099,75,14.247093809137604,39,67.90115924344113,10.666782881547983,3.580310927589622,1.2598302131687689,KehaI
10,2026-09-22,7293,68.822980940628,75,13.67064308240779,39,67.90115924344113,10.666782881547983,3.0038602008598065,0.9218216971868713,KehaI
10,2026-09-23,7577,68.45915269895737,75,11.58769961726277,39,67.90115924344113,10.666782881547983,0.9209167357147869,0.5579934555162396,KehaI
10,2026-09-24,7686,68.11982825917252,74,11.267239136091595,39,67.90115924344113,10.666782881547983,0.6004562545436123,0.2186690157313933,KehaI
10,2026-09-25,7526,68.61400478341749,75,11.493489237310657,39,67.90115924344113,10.666782881547983,0.8267063557626741,0.7128455399763567,KehaI
11,2026-07-27,10950,60.677899543379,66,17.22374429223744,31,61.393513968833354,21.002386634844868,-3.7786423426074265,-0.7156144254543548,KehaI
11,2026-07-28,11011,60.44437380801017,66,16.665153028789394,31,61.393513968833354,21.002386634844868,-4.337233606055474,-0.949140160823184,KehaI
11,2026-07-29,10968,60.72383296863603,66,17.25018234865062,31,61.393513968833354,21.002386634844868,-3.7522042861942495,-0.6696810001973219,KehaI
11,2026-07-30,11160,60.63879928315412,66,16.881720430107528,31,61.393513968833354,21.002386634844868,-4.12066620473734,-0.7547146856792324,KehaI
11,2026-07-31,11149,60.156695667772894,66,16.055251592071038,31,61.393513968833354,21.002386634844868,-4.94713504277383,-1.2368183010604596,KehaI
11,2026-08-03,11058,60.66467715680955,66,17.127871224452885,32,61.07025585017815,19.605034644513275,-2.477163420060389,-0.40557869336859653,KehaI
11,2026-08-04,11026,60.73743878106294,66,17.368039180119716,32,61.07025585017815,19.605034644513275,-2.2369954643935586,-0.33281706911520814,KehaI
11,2026-08-05,10900,60.67238532110092,66,17.6697247706422,32,61.07025585017815,19.605034644513275,-1.9353098738710734,-0.3978705290772311,KehaI
11,2026-08-06,11182,60.808710427472725,66,17.707029153997496,32,61.07025585017815,19.605034644513275,-1.8980054905157786,-0.26154542270542436,KehaI
11,2026-08-07,11245,60.50022232103157,66,16.38061360604713,32,61.07025585017815,19.605034644513275,-3.2244210384661436,-0.5700335291465777,KehaI
11,2026-08-10,10660,60.185741088180116,66,15.844277673545966,33,61.176865859355345,19.90549426856876,-4.061216595022794,-0.9911247711752296,KehaI
11,2026-08-11,10576,59.37216338880484,66,15.005673222390318,33,61.176865859355345,19.90549426856876,-4.899821046178442,-1.8047024705505024,KehaI
11,2026-08-12,10776,60.26104305864885,66,15.358203414996288,33,61.176865859355345,19.90549426856876,-4.547290853572472,-0.9158228007064935,KehaI
11,2026-08-13,10920,60.39917582417583,66,16.291208791208792,33,61.176865859355345,19.90549426856876,-3.6142854773599673,-0.7776900351795177,KehaI
11,2026-08-14,11123,60.49033534118493,66,16.578261260451317,33,61.176865859355345,19.90549426856876,-3.3272330081174424,-0.6865305181704144,KehaI
11,2026-08-17,10773,60.30864197530864,66,15.817321080478974,34,61.22001377011161,19.834396289317294,-4.017075208838319,-0.9113717948029745,KehaI
11,2026-08-18,10295,59.60689655172414,66,15.706653715395824,34,61.22001377011161,19.834396289317294,-4.12774257392147,-1.6131172183874725,KehaI
11,2026-08-20,10753,60.003533897516974,65,14.888868222821538,34,61.22001377011161,19.834396289317294,-4.945528066495756,-1.2164798725946397,KehaI
11,2026-08-21,10987,60.36206425775917,66,16.173659779739694,34,61.22001377011161,19.834396289317294,-3.6607365095775997,-0.857949512352441,KehaI
11,2026-08-24,10751,60.349269835364154,66,16.01711468700586,35,61.135129725992506,19.877369819147773,-3.860255132141912,-0.7858598906283518,KehaI
11,2026-08-25,10638,60.3827787178041,66,16.159052453468696,35,61.135129725992506,19.877369819147773,-3.718317365679077,-0.7523510081884055,KehaI
11,2026-08-26,10660,59.97776735459662,66,16.848030018761726,35,61.135129725992506,19.877369819147773,-3.0293398003860474,-1.1573623713958838,KehaI
11,2026-08-27,10864,60.53157216494845,66,16.200294550810014,35,61.135129725992506,19.877369819147773,-3.6770752683377594,-0.603557561044056,KehaI
11,2026-08-28,10945,60.36052992233897,66,16.418455915943355,35,61.135129725992506,19.877369819147773,-3.4589139032044187,-0.7745998036535369,KehaI
11,2026-08-31,10632,59.948175319789314,65,14.700902934537247,36,61.19974965532255,20.149118351353312,-5.4482154168160655,-1.2515743355332347,KehaI
11,2026-09-01,10697,60.27652612882117,66,16.303636533607552,36,61.19974965532255,20.149118351353312,-3.8454818177457604,-0.9232235265013813,KehaI
11,2026-09-02,10789,60.49633886365743,66,16.09046250811011,36,61.19974965532255,20.149118351353312,-4.058655843243201,-0.7034107916651209,KehaI
11,2026-09-03,10667,59.44782975532014,66,15.63701134339552,36,61.19974965532255,20.149118351353312,-4.512107007957793,-1.751919900002406,KehaI
11,2026-09-04,10829,59.68141102594884,66,15.68935266414258,36,61.19974965532255,20.149118351353312,-4.459765687210732,-1.5183386293737087,KehaI
11,2026-09-07,10437,60.052505509245954,65,14.927661205327201,37,61.20072043225935,20.286717485036476,-5.359056279709275,-1.1482149230133984,KehaI
11,2026-09-08,10447,60.04948789126065,66,15.439839188283718,37,61.20072043225935,20.286717485036476,-4.846878296752758,-1.1512325409987056,KehaI
11,2026-09-09,10509,59.75906365972024,65,14.730231230373965,37,61.20072043225935,20.286717485036476,-5.556486254662511,-1.4416567725391118,KehaI
11,2026-09-10,10693,60.203871691760966,66,15.61769381838586,37,61.20072043225935,20.286717485036476,-4.669023666650617,-0.9968487404983861,KehaI
11,2026-09-11,10736,59.79815573770492,65,14.726154992548436,37,61.20072043225935,20.286717485036476,-5.560562492488041,-1.4025646945544352,KehaI
11,2026-09-14,10481,60.05133097986833,66,15.342047514550138,38,59.941258280569485,16.1457380229111,-0.8036905083609618,0.110072699298847,KehaI
11,2026-09-15,10532,59.80383592859856,65,14.954424610710216,38,59.941258280569485,16.1457380229111,-1.1913134122008842,-0.13742235197092612,KehaI
11,2026-09-16,10636,59.3469349379466,65,14.638962015795412,38,59.941258280569485,16.1457380229111,-1.506776007115688,-0.5943233426228858,KehaI
11,2026-09-17,9959,58.57877296917361,65,13.515413194095792,38,59.941258280569485,16.1457380229111,-2.630324828815308,-1.3624853113958721,KehaI
11,2026-09-18,10509,58.22961271291274,65,12.712912741459702,38,59.941258280569485,16.1457380229111,-3.4328252814513984,-1.7116455676567455,KehaI
11,2026-09-21,10556,59.64806744979159,65,13.660477453580901,39,61.0380993937167,18.971614918243617,-5.311137464662716,-1.3900319439251092,KehaI
11,2026-09-22,10445,59.100526567735756,65,13.556725706079463,39,61.0380993937167,18.971614918243617,-5.414889212164153,-1.9375728259809435,KehaI
11,2026-09-23,10664,58.52710052513128,65,13.072018004501125,39,61.0380993937167,18.971614918243617,-5.899596913742492,-2.5109988685854177,KehaI
11,2026-09-24,10562,59.390266994887334,65,12.94262450293505,39,61.0380993937167,18.971614918243617,-6.0289904153085665,-1.6478323988293653,KehaI
11,2026-09-25,10843,59.0597620584709,65,12.736327584616804,39,61.0380993937167,18.971614918243617,-6.235287333626813,-1.9783373352457971,KehaI
12,2026-07-27,15651,84.83585713372948,93,42.76404063638106,31,84.73875916269931,44.98979823169349,-2.2257575953124302,0.09709797103016626,verrokki
12,2026-07-28,15916,85.1984795174667,94,44.6908771048002,31,84.73875916269931,44.98979823169349,-0.29892112689329053,0.45972035476738426,verrokki
12,2026-07-29,16507,85.21681710789362,94,45.05967165444963,31,84.73875916269931,44.98979823169349,0.06987342275613884,0.47805794519430833,verrokki
12,2026-07-30,16501,85.25943882188959,94,44.81546572934974,31,84.73875916269931,44.98979823169349,-0.17433250234375208,0.5206796591902787,verrokki
12,2026-07-31,16266,84.87913439075372,94,43.8706504364933,31,84.73875916269931,44.98979823169349,-1.1191477952001918,0.14037522805440972,verrokki
12,2026-08-03,16274,85.24984638073,94,44.96743271475974,32,84.27919542936459,42.585730396956215,2.381702317803523,0.970650951365414,verrokki
12,2026-08-04,16587,85.40911557243625,94,45.662265629710014,32,84.27919542936459,42.585730396956215,3.0765352327537983,1.129920143071658,verrokki
12,2026-08-05,16726,85.6142532584001,94,46.20351548487385,32,84.27919542936459,42.585730396956215,3.617785087917632,1.335057829035506,verrokki
12,2026-08-06,16816,85.53205280685061,94,46.17031398667935,32,84.27919542936459,42.585730396956215,3.584583589723138,1.2528573774860234,verrokki
12,2026-08-07,16662,85.48151482415076,94,46.09290601368383,32,84.27919542936459,42.585730396956215,3.507175616727615,1.2023193947861728,verrokki
12,2026-08-10,16011,84.24020985572419,93,41.871213540690775,33,82.4466480107069,37.07263657379243,4.798576966898345,1.7935618450172939,verrokki
12,2026-08-11,16251,84.82105716571287,93,43.36963879145899,33,82.4466480107069,37.07263657379243,6.297002217666559,2.374409155005978,verrokki
12,2026-08-12,16410,85.11316270566728,94,44.552102376599635,33,82.4466480107069,37.07263657379243,7.479465802807205,2.6665146949603837,verrokki
12,2026-08-13,16774,85.53559079527841,94,45.940145463216886,33,82.4466480107069,37.07263657379243,8.867508889424457,3.0889427845715147,verrokki
12,2026-08-14,16914,85.4788341019274,94,46.021047652831975,33,82.4466480107069,37.07263657379243,8.948411079039545,3.0321860912205096,verrokki
12,2026-08-17,16392,84.64232552464617,94,43.28330893118594,34,82.86345609065155,35.63739376770538,7.645915163480559,1.7788694339946147,verrokki
12,2026-08-18,16533,85.12097018085042,94,44.99485876731386,34,82.86345609065155,35.63739376770538,9.357464999608474,2.2575140901988675,verrokki
12,2026-08-20,16535,84.17435742364681,93,42.376776534623524,34,82.86345609065155,35.63739376770538,6.7393827669181405,1.3109013329952575,verrokki
12,2026-08-21,16442,84.94653935044398,94,43.99708064712322,34,82.86345609065155,35.63739376770538,8.359686879417836,2.0830832597924314,verrokki
12,2026-08-24,16027,84.44930429899544,94,43.539027890434895,35,82.77693953986089,35.22917781344748,8.309850076987416,1.6723647591345525,verrokki
12,2026-08-25,16554,85.07665820949619,94,44.3095324392896,35,82.77693953986089,35.22917781344748,9.08035462584212,2.299718669635297,verrokki
12,2026-08-26,16445,84.96758893280632,94,44.432958346001826,35,82.77693953986089,35.22917781344748,9.203780532554347,2.1906493929454314,verrokki
12,2026-08-27,16975,85.19746686303387,94,45.207658321060386,35,82.77693953986089,35.22917781344748,9.978480507612908,2.4205273231729763,verrokki
12,2026-08-28,17129,85.44269951544165,94,45.95131064276957,35,82.77693953986089,35.22917781344748,10.722132829322092,2.6657599755807553,verrokki
12,2026-08-31,16001,84.51990500593713,93,42.41609899381289,36,83.28012617172185,36.732366254410664,5.683732739402224,1.2397788342152865,verrokki
12,2026-09-01,16217,84.62977122772399,94,44.027871986187336,36,83.28012617172185,36.732366254410664,7.295505731776672,1.3496450560021458,verrokki
12,2026-09-02,16499,84.857021637675,94,43.36020364870598,36,83.28012617172185,36.732366254410664,6.6278373942953195,1.5768954659531573,verrokki
12,2026-09-03,16626,84.98833152893059,94,44.47852760736196,36,83.28012617172185,36.732366254410664,7.746161352951297,1.7082053572087403,verrokki
12,2026-09-04,16856,84.28173943996204,93,42.524916943521596,36,83.28012617172185,36.732366254410664,5.792550689110932,1.0016132682401917,verrokki
12,2026-09-07,16163,85.00055682732166,94,43.760440512281136,37,83.10527649561047,37.12734184089058,6.633098671390556,1.8952803317111915,verrokki
12,2026-09-08,15968,84.45353206412825,93,41.138527054108216,37,83.10527649561047,37.12734184089058,4.011185213217637,1.3482555685177857,verrokki
12,2026-09-09,16135,84.25478772854044,93,41.679578555934306,37,83.10527649561047,37.12734184089058,4.552236715043726,1.1495112329299673,verrokki
12,2026-09-10,16093,84.73081463990555,93,43.503386565587526,37,83.10527649561047,37.12734184089058,6.376044724696946,1.6255381442950778,verrokki
12,2026-09-11,17136,85.16777544351073,94,44.450280112044815,37,83.10527649561047,37.12734184089058,7.322938271154236,2.0624989479002664,verrokki
12,2026-09-14,15996,84.74787446861716,93,42.71067766941736,38,83.02180942399036,35.998929598822556,6.711748070594801,1.726065044626793,verrokki
12,2026-09-15,16395,85.08008539188778,94,44.15980481854224,38,83.02180942399036,35.998929598822556,8.160875219719685,2.0582759678974156,verrokki
12,2026-09-16,15400,84.09571428571428,93,40.8051948051948,38,83.02180942399036,35.998929598822556,4.806265206372245,1.0739048617239177,verrokki
12,2026-09-17,16549,85.21143271496767,94,44.6673515016013,38,83.02180942399036,35.998929598822556,8.668421902778746,2.189623290977309,verrokki
12,2026-09-18,16613,84.88376572563655,93,42.815867092036356,38,83.02180942399036,35.998929598822556,6.8169374932138,1.8619563016461882,verrokki
12,2026-09-21,15757,84.49901631021133,93,42.38751031287681,39,83.40081496995083,36.92861045346931,5.458899859407502,1.098201340260502,verrokki
12,2026-09-22,15342,84.53239473341155,93,42.25003259027506,39,83.40081496995083,36.92861045346931,5.321422136805751,1.1315797634607208,verrokki
12,2026-09-23,16287,84.45981457604225,93,41.904586480014736,39,83.40081496995083,36.92861045346931,4.975976026545425,1.0589996060914189,verrokki
12,2026-09-24,16299,83.73771397018221,93,40.19878520154611,39,83.40081496995083,36.92861045346931,3.2701747480767978,0.33689900023138364,verrokki
12,2026-09-25,16525,83.96072617246595,93,39.73978819969743,39,83.40081496995083,36.92861045346931,2.8111777462281182,0.5599112025151243,verrokki
101,2026-07-27,16434,85.407995618839,93,47.70597541681879,31,86.01656473588514,51.57146567805615,-3.865490261237362,-0.6085691170461445,verrokki
101,2026-07-28,16351,85.22096507858846,93,47.53837685768455,31,86.01656473588514,51.57146567805615,-4.033088820371603,-0.7955996572966768,verrokki
101,2026-07-29,17153,85.53442546493325,93,49.00600478050487,31,86.01656473588514,51.57146567805615,-2.565460897551283,-0.48213927095189035,verrokki
101,2026-07-30,17310,85.7578856152513,93,48.91392258809937,31,86.01656473588514,51.57146567805615,-2.657543089956782,-0.25867912063384324,verrokki
101,2026-07-31,17604,85.44660304476255,93,48.409452397182456,31,86.01656473588514,51.57146567805615,-3.162013280873694,-0.569961691122586,verrokki
101,2026-08-03,16961,85.60597842108366,93,49.059607334473206,32,85.406457492514,48.39687067261602,0.6627366618571884,0.19952092856966885,verrokki
101,2026-08-04,16745,85.53789190803225,93,49.226634816363095,32,85.406457492514,48.39687067261602,0.8297641437470773,0.13143441551825674,verrokki
101,2026-08-05,17064,85.56909282700423,93,49.12681669010783,32,85.406457492514,48.39687067261602,0.7299460174918124,0.1626353344902327,verrokki
101,2026-08-06,17561,85.57382836968281,93,49.34229258014919,32,85.406457492514,48.39687067261602,0.9454219075331736,0.16737087716882115,verrokki
101,2026-08-07,18072,85.6885236830456,93,49.55179282868526,32,85.406457492514,48.39687067261602,1.1549221560692402,0.28206619053160864,verrokki
101,2026-08-10,16680,84.78033573141487,92,45.11390887290168,33,85.25305420333271,47.7895057105411,-2.675596837639418,-0.4727184719178439,verrokki
101,2026-08-11,16761,85.45850486247838,93,49.07225105900603,33,85.25305420333271,47.7895057105411,1.2827453484649283,0.20545065914566862,verrokki
101,2026-08-12,17139,85.23186883715502,93,47.989964408658615,33,85.25305420333271,47.7895057105411,0.20045869811751515,-0.021185366177689957,verrokki
101,2026-08-13,17674,85.1943532873147,93,47.55573158311644,33,85.25305420333271,47.7895057105411,-0.23377412742465964,-0.05870091601801164,verrokki
101,2026-08-14,18332,85.44430504036657,93,48.26532838751909,33,85.25305420333271,47.7895057105411,0.47582267697799097,0.1912508370338628,verrokki
101,2026-08-17,16995,85.57781700500148,93,49.47337452191821,34,85.58411578748702,49.45503444371048,0.01834007820772854,-0.006298782485544052,verrokki
101,2026-08-18,16747,85.43368961605064,93,48.62363408371649,34,85.58411578748702,49.45503444371048,-0.8314003599939923,-0.15042617143637926,verrokki
101,2026-08-20,17302,84.91041498092706,92,46.68824413362617,34,85.58411578748702,49.45503444371048,-2.7667903100843105,-0.6737008065599639,verrokki
101,2026-08-21,18178,85.22158653317197,93,47.83804598965783,34,85.58411578748702,49.45503444371048,-1.6169884540526525,-0.36252925431504934,verrokki
101,2026-08-24,16750,85.29182089552239,93,47.36119402985074,35,85.33158213780561,47.95026921659753,-0.5890751867467898,-0.039761242283219644,verrokki
101,2026-08-25,16970,85.22799057159693,92,47.60164997053624,35,85.33158213780561,47.95026921659753,-0.3486192460612898,-0.10359156620867793,verrokki
101,2026-08-26,17371,85.26906913821887,93,47.68291980887686,35,85.33158213780561,47.95026921659753,-0.2673494077206726,-0.06251299958674394,verrokki
101,2026-08-27,17729,85.14056066331999,93,47.14873935360144,35,85.33158213780561,47.95026921659753,-0.801529862996091,-0.19102147448562334,verrokki
101,2026-08-28,17979,85.40274765003615,93,47.88920407141665,35,85.33158213780561,47.95026921659753,-0.06106514518088346,0.07116551223053591,verrokki
101,2026-08-31,16522,84.67080256627527,92,43.95956905943591,36,85.34049832476052,47.96375819923553,-4.004189139799621,-0.669695758485247,verrokki
101,2026-09-01,16863,85.08735100515922,92,46.69394532408231,36,85.34049832476052,47.96375819923553,-1.269812875153221,-0.25314731960129677,verrokki
101,2026-09-02,17051,85.41557679901472,93,48.62471409301507,36,85.34049832476052,47.96375819923553,0.6609558937795441,0.07507847425419811,verrokki
101,2026-09-03,17369,85.46801773274224,93,49.17957280211872,36,85.34049832476052,47.96375819923553,1.2158146028831922,0.12751940798172257,verrokki
101,2026-09-04,17962,85.4360872954014,93,48.10711502059904,36,85.34049832476052,47.96375819923553,0.14335682136351124,0.09558897064088967,verrokki
101,2026-09-07,16653,85.3300306251126,93,47.7211313276887,37,85.38642972148126,48.196477062456445,-0.47534573476774256,-0.056399096368664914,verrokki
101,2026-09-08,16553,84.79000785356129,92,45.9433335347067,37,85.38642972148126,48.196477062456445,-2.2531435277497422,-0.5964218679199718,verrokki
101,2026-09-09,16437,84.15805803978829,92,42.173145951207644,37,85.38642972148126,48.196477062456445,-6.023331111248801,-1.2283716816929768,verrokki
101,2026-09-10,17315,84.24504764654924,92,42.876118971989605,37,85.38642972148126,48.196477062456445,-5.32035809046684,-1.1413820749320251,verrokki
101,2026-09-11,17873,84.6832093101326,92,44.972864096682144,37,85.38642972148126,48.196477062456445,-3.2236129657743007,-0.7032204113486671,verrokki
101,2026-09-14,16526,84.66573883577394,92,44.868691758441244,38,84.99276947381213,46.55486693401385,-1.6861751755726075,-0.3270306380381953,verrokki
101,2026-09-15,16832,84.54134980988593,92,44.35598859315589,38,84.99276947381213,46.55486693401385,-2.1988783408579593,-0.4514196639262025,verrokki
101,2026-09-16,16719,83.80226090077157,91,41.096955559543034,38,84.99276947381213,46.55486693401385,-5.457911374470818,-1.1905085730405602,verrokki
101,2026-09-17,17340,84.26228373702422,92,42.583621683967706,38,84.99276947381213,46.55486693401385,-3.9712452500461453,-0.7304857367879123,verrokki
101,2026-09-18,17737,84.06162259683148,91,41.63048993629137,38,84.99276947381213,46.55486693401385,-4.924376997722483,-0.9311468769806481,verrokki
101,2026-09-21,16479,84.36816554402573,92,42.98197706171491,39,83.21812154348919,43.413775766716945,-0.43179870500203776,1.150044000536539,verrokki
101,2026-09-22,16749,84.2755388381396,92,42.37267896590841,39,83.21812154348919,43.413775766716945,-1.041096800808532,1.0574172946504063,verrokki
101,2026-09-23,16785,83.72844801906464,91,39.64849568066726,39,83.21812154348919,43.413775766716945,-3.7652800860496853,0.5103264755754537,verrokki
101,2026-09-24,17001,83.59384742073996,91,39.327098405976116,39,83.21812154348919,43.413775766716945,-4.086677360740829,0.37572587725077256,verrokki
101,2026-09-25,17371,83.43670485291578,91,38.61608427839503,39,83.21812154348919,43.413775766716945,-4.797691488321917,0.21858330942659165,verrokki
109,2026-07-27,14046,101.26527125160187,112,35.15591627509611,31,92.60468940489353,15.393666184684301,19.76225009041181,8.66058184670834,verrokki
109,2026-07-28,13929,101.34783545121688,112,35.960944791442316,31,92.60468940489353,15.393666184684301,20.567278606758016,8.743146046323346,verrokki
109,2026-07-29,14242,101.70692318494594,112,36.78556382530544,31,92.60468940489353,15.393666184684301,21.39189764062114,9.102233780052401,verrokki
109,2026-07-30,14395,100.36873914553665,112,34.511983327544286,31,92.60468940489353,15.393666184684301,19.118317142859986,7.764049740643117,verrokki
109,2026-07-31,14480,100.53017955801106,112,34.267955801104975,31,92.60468940489353,15.393666184684301,18.874289616420675,7.925490153117522,verrokki
109,2026-08-03,13909,101.33223092961391,112,35.121144582644334,32,91.57278310212536,13.745569121701458,21.375575460942876,9.759447827488557,verrokki
109,2026-08-04,14005,101.29053909318101,112,35.66583363084612,32,91.57278310212536,13.745569121701458,21.920264509144666,9.717755991055654,verrokki
109,2026-08-05,13907,100.82943841231035,112,35.607967210757174,32,91.57278310212536,13.745569121701458,21.862398089055716,9.256655310184996,verrokki
109,2026-08-06,14144,101.65731052036199,112,36.51018099547511,32,91.57278310212536,13.745569121701458,22.764611873773653,10.084527418236632,verrokki
109,2026-08-07,14426,101.78129765700818,112,36.73228892277832,32,91.57278310212536,13.745569121701458,22.98671980107686,10.208514554882825,verrokki
109,2026-08-10,13807,99.42036648077062,110,29.926848699934816,33,91.90515400590868,14.663468569924241,15.263380130010574,7.51521247486194,verrokki
109,2026-08-11,13356,100.56139562743337,111,34.43396226415094,33,91.90515400590868,14.663468569924241,19.7704936942267,8.656241621524686,verrokki
109,2026-08-12,13688,101.41598480420807,112,35.775862068965516,33,91.90515400590868,14.663468569924241,21.112393499041275,9.51083079829938,verrokki
109,2026-08-13,13845,101.6988082340195,112,36.46803900325027,33,91.90515400590868,14.663468569924241,21.804570433326028,9.79365422811081,verrokki
109,2026-08-14,14473,101.9730532716092,112,37.36613003523803,33,91.90515400590868,14.663468569924241,22.70266146531379,10.067899265700518,verrokki
109,2026-08-17,13179,100.57659913498748,111,34.91918961984976,34,91.35341777420986,14.354949008414355,20.564240611435405,9.223181360777616,verrokki
109,2026-08-18,13429,100.75828431007521,111,33.643607118921736,34,91.35341777420986,14.354949008414355,19.28865811050738,9.404866535865352,verrokki
109,2026-08-20,13599,100.21119199941172,111,31.85528347672623,34,91.35341777420986,14.354949008414355,17.500334468311873,8.857774225201865,verrokki
109,2026-08-21,14011,101.03133252444508,112,34.29448290628792,34,91.35341777420986,14.354949008414355,19.939533897873563,9.677914750235217,verrokki
109,2026-08-24,13514,99.99896403729466,111,31.774456119579696,35,89.8384246667969,11.591110576850836,20.18334554272886,10.160539370497759,verrokki
109,2026-08-25,13406,100.74198120244667,111,34.05937639862748,35,89.8384246667969,11.591110576850836,22.46826582177664,10.90355653564977,verrokki
109,2026-08-26,13530,100.93739837398374,111,34.04286770140428,35,89.8384246667969,11.591110576850836,22.451757124553446,11.098973707186843,verrokki
109,2026-08-27,13643,101.0638422634318,111,34.39859268489335,35,89.8384246667969,11.591110576850836,22.807482108042514,11.225417596634898,verrokki
109,2026-08-28,14171,101.36920471385223,112,36.16540822807141,35,89.8384246667969,11.591110576850836,24.574297651220576,11.53078004705533,verrokki
109,2026-08-31,13173,98.1079480756092,110,29.522508160631595,36,88.09744947434852,8.5289454646205,20.993562696011097,10.010498601260679,verrokki
109,2026-09-01,13575,101.14769797421731,111,34.47513812154696,36,88.09744947434852,8.5289454646205,25.946192656926463,13.050248499868786,verrokki
109,2026-09-02,13492,100.84457456270383,111,34.072042691965606,36,88.09744947434852,8.5289454646205,25.543097227345108,12.747125088355304,verrokki
109,2026-09-03,13753,101.20737293681378,111,34.77059550643496,36,88.09744947434852,8.5289454646205,26.24165004181446,13.109923462465261,verrokki
109,2026-09-04,14179,101.33535510261655,112,35.52436702165174,36,88.09744947434852,8.5289454646205,26.995421557031243,13.237905628268024,verrokki
109,2026-09-07,13507,101.34596875694085,112,35.46309321092767,37,87.92385110294117,8.455882352941176,27.007210857986493,13.422117653999678,verrokki
109,2026-09-08,13140,99.66765601217656,111,32.42009132420091,37,87.92385110294117,8.455882352941176,23.964208971259737,11.743804909235394,verrokki
109,2026-09-09,13345,99.97602098164107,111,31.03034844511053,37,87.92385110294117,8.455882352941176,22.574466092169352,12.0521698786999,verrokki
109,2026-09-10,13517,100.7045942146926,111,33.85366575423541,37,87.92385110294117,8.455882352941176,25.397783401294234,12.780743111751434,verrokki
109,2026-09-11,13997,101.29127670215045,112,35.664785311138104,37,87.92385110294117,8.455882352941176,27.20890295819693,13.367425599209284,verrokki
109,2026-09-14,13595,100.92968002942258,111,34.520044133872744,38,86.81083998122946,7.035820428593775,27.48422370527897,14.118840048193121,verrokki
109,2026-09-15,13450,101.14825278810409,112,35.353159851301115,38,86.81083998122946,7.035820428593775,28.31733942270734,14.337412806874624,verrokki
109,2026-09-16,13256,99.92305371152686,111,31.646047073023535,38,86.81083998122946,7.035820428593775,24.61022664442976,13.112213730297398,verrokki
109,2026-09-17,13633,100.78779432259958,112,34.834592532824765,38,86.81083998122946,7.035820428593775,27.79877210423099,13.976954341370117,verrokki
109,2026-09-18,13841,100.14514847193122,110,31.36334079907521,38,86.81083998122946,7.035820428593775,24.327520370481437,13.334308490701758,verrokki
109,2026-09-21,13346,100.57417952944702,111,33.29087367001349,39,89.42808711141757,10.515428374418203,22.775445295595286,11.146092418029454,verrokki
109,2026-09-22,13135,100.41431290445375,111,33.97030833650552,39,89.42808711141757,10.515428374418203,23.454879962087315,10.986225793036184,verrokki
109,2026-09-23,13392,100.14911887694146,111,32.99731182795699,39,89.42808711141757,10.515428374418203,22.48188345353879,10.72103176552389,verrokki
109,2026-09-24,13376,99.12537380382776,110,30.27811004784689,39,89.42808711141757,10.515428374418203,19.762681673428688,9.697286692410188,verrokki
109,2026-09-25,13847,98.08832238029898,109,26.063407236224453,39,89.42808711141757,10.515428374418203,15.54797886180625,8.660235268881408,verrokki
116,2026-07-27,19872,72.76544887278583,80,32.09541062801932,31,73.51076196022218,36.081123454578034,-3.9857128265587107,-0.745313087436358,KehaI
116,2026-07-28,19973,72.90522204976719,80,32.58398838431883,31,73.51076196022218,36.081123454578034,-3.497135070259205,-0.6055399104549934,KehaI
116,2026-07-29,20325,72.76624846248463,80,32.10824108241082,31,73.51076196022218,36.081123454578034,-3.972882372167213,-0.7445134977375574,KehaI
116,2026-07-30,20398,72.87503676831062,80,32.99833316991862,31,73.51076196022218,36.081123454578034,-3.082790284659417,-0.6357251919115612,KehaI
116,2026-07-31,20679,72.24682044586295,80,30.876734851782,31,73.51076196022218,36.081123454578034,-5.204388602796033,-1.2639415143592316,KehaI
116,2026-08-03,20440,72.35386497064579,80,30.445205479452056,32,72.70182148107314,33.13120176405733,-2.685996284605274,-0.3479565104273519,KehaI
116,2026-08-04,20239,72.36760709521221,79,30.63392460101784,32,72.70182148107314,33.13120176405733,-2.4972771630394917,-0.3342143858609319,KehaI
116,2026-08-05,20183,72.53069414854085,80,31.685081504236237,32,72.70182148107314,33.13120176405733,-1.4461202598210932,-0.1711273325322935,KehaI
116,2026-08-06,20303,72.23607348667684,79,30.202433137959908,32,72.70182148107314,33.13120176405733,-2.9287686260974226,-0.46574799439629544,KehaI
116,2026-08-07,20448,72.46786971830986,80,31.607003129890455,32,72.70182148107314,33.13120176405733,-1.5241986341668756,-0.233951762763283,KehaI
116,2026-08-10,19681,71.34723845333062,79,27.178497027590062,33,72.68234172781663,32.737336502796246,-5.5588394752061845,-1.3351032744860163,KehaI
116,2026-08-11,19461,71.22090334515184,79,27.42921740917733,33,72.68234172781663,32.737336502796246,-5.308119093618917,-1.4614383826647952,KehaI
116,2026-08-12,19765,71.58588413862888,79,28.63141917530989,33,72.68234172781663,32.737336502796246,-4.105917327486356,-1.0964575891877502,KehaI
116,2026-08-13,20177,71.81959657035239,79,28.413540169499925,33,72.68234172781663,32.737336502796246,-4.323796333296322,-0.8627451574642464,KehaI
116,2026-08-14,20708,71.91177322773807,79,29.090206683407377,33,72.68234172781663,32.737336502796246,-3.6471298193888693,-0.7705685000785678,KehaI
116,2026-08-17,19788,71.70057610673135,79,29.244996967859308,34,72.76846155618534,33.031496970115896,-3.786500002256588,-1.0678854494539962,KehaI
116,2026-08-18,19880,71.75256539235413,79,27.862173038229376,34,72.76846155618534,33.031496970115896,-5.16932393188652,-1.015896163831215,KehaI
116,2026-08-20,19625,70.81645859872611,79,25.971974522292992,34,72.76846155618534,33.031496970115896,-7.0595224478229035,-1.9520029574592286,KehaI
116,2026-08-21,20296,71.28207528577059,79,27.059519117067403,34,72.76846155618534,33.031496970115896,-5.971977853048493,-1.486386270414755,KehaI
116,2026-08-24,20065,72.11333167206578,79,29.17518066284575,35,72.73431275767958,32.74722722257709,-3.572046559731337,-0.6209810856137921,KehaI
116,2026-08-25,19648,71.26012825732899,79,28.155537459283387,35,72.73431275767958,32.74722722257709,-4.591689763293701,-1.4741845003505887,KehaI
116,2026-08-26,19792,71.36696645109134,79,27.743532740501212,35,72.73431275767958,32.74722722257709,-5.0036944820758755,-1.3673463065882316,KehaI
116,2026-08-27,20398,71.46749681341308,79,27.82625747622316,35,72.73431275767958,32.74722722257709,-4.920969746353929,-1.2668159442664972,KehaI
116,2026-08-28,20764,72.11033519553072,79,29.17549605085725,35,72.73431275767958,32.74722722257709,-3.5717311717198363,-0.6239775621488519,KehaI
116,2026-08-31,19999,71.27016350817541,78,25.796289814490724,36,72.74262759271622,32.969221206749694,-7.17293139225897,-1.4724640845408032,KehaI
116,2026-09-01,20045,71.90366674981293,79,28.575704664504865,36,72.74262759271622,32.969221206749694,-4.393516542244829,-0.8389608429032904,KehaI
116,2026-09-02,20231,71.9487420295586,79,28.678760318323366,36,72.74262759271622,32.969221206749694,-4.290460888426328,-0.793885563157616,KehaI
116,2026-09-03,20439,71.83570624785949,79,28.054210088556193,36,72.74262759271622,32.969221206749694,-4.915011118193501,-0.9069213448567268,KehaI
116,2026-09-04,20545,71.8050620588951,79,28.152835239717692,36,72.74262759271622,32.969221206749694,-4.8163859670320015,-0.9375655338211146,KehaI
116,2026-09-07,20095,72.09987559094301,79,28.962428464792236,37,72.77881347144289,33.03798780979594,-4.0755593450037075,-0.6789378804998734,KehaI
116,2026-09-08,19609,71.23769697587842,78,25.258809730225916,37,72.77881347144289,33.03798780979594,-7.779178079570027,-1.5411164955644665,KehaI
116,2026-09-09,19821,71.24716210080219,78,25.301447959235155,37,72.77881347144289,33.03798780979594,-7.7365398505607885,-1.5316513706407022,KehaI
116,2026-09-10,20122,71.42391412384455,79,26.413875360302157,37,72.77881347144289,33.03798780979594,-6.624112449493786,-1.3548993475983337,KehaI
116,2026-09-11,20514,71.6776347859998,79,27.844398947060544,37,72.77881347144289,33.03798780979594,-5.1935888627354,-1.101178685443088,KehaI
116,2026-09-14,18517,72.20100448236755,79,29.237997515796295,38,72.516321165166,31.54649728950001,-2.3084997737037156,-0.3153166827984535,KehaI
116,2026-09-15,18931,71.98167027626644,79,28.28165442924304,38,72.516321165166,31.54649728950001,-3.2648428602569695,-0.5346508888995629,KehaI
116,2026-09-16,19435,70.72755338307178,78,23.62747620272704,38,72.516321165166,31.54649728950001,-7.919021086772972,-1.7887677820942258,KehaI
116,2026-09-17,20032,71.4441892971246,78,26.243011182108628,38,72.516321165166,31.54649728950001,-5.303486107391382,-1.07213186804141,KehaI
116,2026-09-18,20245,71.18824401086688,78,25.295134601136084,38,72.516321165166,31.54649728950001,-6.251362688363926,-1.3280771542991232,KehaI
116,2026-09-21,19792,71.55845796281326,79,26.849232012934518,39,72.78651114145434,32.71839865198571,-5.8691666390511905,-1.2280531786410762,KehaI
116,2026-09-22,19770,71.29666160849773,78,25.63480020232676,39,72.78651114145434,32.71839865198571,-7.08359844965895,-1.4898495329566117,KehaI
116,2026-09-23,19522,70.60045077348633,78,24.459584059010346,39,72.78651114145434,32.71839865198571,-8.258814592975362,-2.186060367968011,KehaI
116,2026-09-24,19682,70.65272838126207,78,24.09816075602073,39,72.78651114145434,32.71839865198571,-8.62023789596498,-2.1337827601922754,KehaI
116,2026-09-25,19587,70.5226425690509,78,22.969316383315466,39,72.78651114145434,32.71839865198571,-9.749082268670243,-2.263868572403439,KehaI
118,2026-07-27,14181,66.69184119596643,74,53.212044284606165,31,67.0811089257282,55.4663562530941,-2.254311968487933,-0.3892677297617695,KehaI
118,2026-07-28,14370,66.5294363256785,74,52.03897007654837,31,67.0811089257282,55.4663562530941,-3.427386176545731,-0.5516726000496988,KehaI
118,2026-07-29,14857,66.51827421417514,74,52.325503129837784,31,67.0811089257282,55.4663562530941,-3.1408531232563135,-0.5628347115530659,KehaI
118,2026-07-30,14389,66.47821252345541,74,52.706928904023904,31,67.0811089257282,55.4663562530941,-2.7594273490701937,-0.6028964022727905,KehaI
118,2026-07-31,14257,66.43305043136705,74,51.469453601739495,31,67.0811089257282,55.4663562530941,-3.9969026513546027,-0.6480584943611518,KehaI
118,2026-08-03,15567,66.45236718699813,74,52.45712083253035,32,66.6929279082809,53.54726151162066,-1.090140679090311,-0.24056072128276185,KehaI
118,2026-08-04,15829,66.59763724808894,74,53.22509318339756,32,66.6929279082809,53.54726151162066,-0.3221683282230998,-0.09529066019194943,KehaI
118,2026-08-05,15965,66.66520513623551,74,53.66113373003445,32,66.6929279082809,53.54726151162066,0.11387221841378903,-0.02772277204537943,KehaI
118,2026-08-06,16289,66.55816808889435,74,53.226103505433116,32,66.6929279082809,53.54726151162066,-0.3211580061875452,-0.13475981938654513,KehaI
118,2026-08-07,15788,66.7633645806942,74,53.69901190777806,32,66.6929279082809,53.54726151162066,0.1517503961573965,0.07043667241330809,KehaI
118,2026-08-10,15913,66.02658203984164,73,50.29221391315277,33,66.6111796776706,54.30591336648493,-4.013699453332158,-0.5845976378289635,KehaI
118,2026-08-11,16296,66.4733676975945,74,52.5527736867943,33,66.6111796776706,54.30591336648493,-1.7531396796906265,-0.1378119800761084,KehaI
118,2026-08-12,16518,66.25305727085603,74,51.331880372926506,33,66.6111796776706,54.30591336648493,-2.974032993558424,-0.35812240681457297,KehaI
118,2026-08-13,16684,66.51444497722369,74,52.906976744186046,33,66.6111796776706,54.30591336648493,-1.3989366222988835,-0.09673470044691612,KehaI
118,2026-08-14,16497,66.8505182760502,74,54.11893071467539,33,66.6111796776706,54.30591336648493,-0.18698265180953655,0.23933859837958948,KehaI
118,2026-08-17,15925,66.58587127158556,74,53.167974882260594,34,67.0287016653905,55.314414241960186,-2.146439359699592,-0.4428303938049396,KehaI
118,2026-08-18,16349,66.32943910942565,74,53.0613493180011,34,67.0287016653905,55.314414241960186,-2.253064923959087,-0.6992625559648502,KehaI
118,2026-08-20,17062,66.06734263275115,74,50.855702731215565,34,67.0287016653905,55.314414241960186,-4.458711510744621,-0.9613590326393506,KehaI
118,2026-08-21,16955,66.52303155411383,74,52.928339722795634,34,67.0287016653905,55.314414241960186,-2.386074519164552,-0.5056701112766717,KehaI
118,2026-08-24,16202,66.33211949142081,74,51.703493395877054,35,66.87522435120059,54.941789958767885,-3.238296562890831,-0.5431048597797741,KehaI
118,2026-08-25,16698,66.45238950772547,74,52.149958078811835,35,66.87522435120059,54.941789958767885,-2.7918318799560495,-0.42283484347511546,KehaI
118,2026-08-26,16820,66.70422116527944,74,53.41260404280618,35,66.87522435120059,54.941789958767885,-1.5291859159617047,-0.17100318592115116,KehaI
118,2026-08-27,17240,66.29727378190255,74,51.264501160092806,35,66.87522435120059,54.941789958767885,-3.677288798675079,-0.5779505692980393,KehaI
118,2026-08-28,16759,66.56972373053284,74,52.13914911390894,35,66.87522435120059,54.941789958767885,-2.802640844858942,-0.3055006206677433,KehaI
118,2026-08-31,16318,65.91818850349307,74,50.300281897291335,36,66.98090349575499,55.18403191670519,-4.883750019413853,-1.0627149922619168,KehaI
118,2026-09-01,16581,66.46589469875158,74,52.31891924491888,36,66.98090349575499,55.18403191670519,-2.8651126717863065,-0.5150087970034036,KehaI
118,2026-09-02,16950,66.64696165191741,74,53.35103244837758,36,66.98090349575499,55.18403191670519,-1.832999468327607,-0.33394184383757874,KehaI
118,2026-09-03,16825,66.57509658246657,74,53.19465081723626,36,66.98090349575499,55.18403191670519,-1.989381099468929,-0.40580691328841567,KehaI
118,2026-09-04,16722,66.67168998923573,74,52.768807558904435,36,66.98090349575499,55.18403191670519,-2.415224357800753,-0.3092135065192565,KehaI
118,2026-09-07,15987,66.61956589729155,74,53.624820166385184,37,66.94588255625918,54.860571047661374,-1.2357508812761893,-0.3263166589676274,KehaI
118,2026-09-08,16315,66.20858106037389,74,51.259577076310144,37,66.94588255625918,54.860571047661374,-3.6009939713512296,-0.7373014958852906,KehaI
118,2026-09-09,16475,66.37517450682853,74,52.23672230652504,37,66.94588255625918,54.860571047661374,-2.623848741136335,-0.5707080494306496,KehaI
118,2026-09-10,16807,66.21407746772178,74,51.49640030939489,37,66.94588255625918,54.860571047661374,-3.3641707382664805,-0.7318050885373992,KehaI
118,2026-09-11,16626,66.72645254420787,74,53.35017442559846,37,66.94588255625918,54.860571047661374,-1.5103966220629133,-0.21943001205130486,KehaI
118,2026-09-14,15873,66.53253953253953,74,52.964152964152966,38,66.59794286563026,53.011436775918405,-0.047283811765439054,-0.06540333309072821,KehaI
118,2026-09-15,16396,66.58660648938766,74,53.61673578921688,38,66.59794286563026,53.011436775918405,0.6052990132984775,-0.011336376242596202,KehaI
118,2026-09-16,16454,66.12963413151817,74,50.6563753494591,38,66.59794286563026,53.011436775918405,-2.355061426459308,-0.4683087341120853,KehaI
118,2026-09-17,16705,66.5632445375636,74,53.19964082609997,38,66.59794286563026,53.011436775918405,0.18820405018156805,-0.03469832806665352,KehaI
118,2026-09-18,16658,66.21719294032897,74,50.61832152719414,38,66.59794286563026,53.011436775918405,-2.393115248724264,-0.3807499253012878,KehaI
118,2026-09-21,16010,66.26246096189881,74,51.34291068082449,39,66.11714383839646,51.066221237003965,0.27668944382052274,0.14531712350235182,KehaI
118,2026-09-22,16258,66.4224381842785,74,51.94980932464018,39,66.11714383839646,51.066221237003965,0.8835880876362125,0.3052943458820465,KehaI
118,2026-09-23,16380,66.28717948717949,74,51.02564102564103,39,66.11714383839646,51.066221237003965,-0.040580211362936325,0.17003564878302768,KehaI
118,2026-09-24,16370,65.89083689676237,74,49.554062309102015,39,66.11714383839646,51.066221237003965,-1.5121589279019503,-0.2263069416340926,KehaI
118,2026-09-25,16261,65.95615275813296,74,49.45575302871902,39,66.11714383839646,51.066221237003965,-1.6104682082849422,-0.16099108026349995,KehaI
119,2026-07-27,13279,115.1813389562467,126,17.576624745839297,31,116.28245463408955,20.543081243906343,-2.9664564980670463,-1.1011156778428415,verrokki
119,2026-07-28,13349,114.90179039628437,126,17.78410367817814,31,116.28245463408955,20.543081243906343,-2.758977565728202,-1.3806642378051777,verrokki
119,2026-07-29,13758,115.85412123855211,127,19.22517807820904,31,116.28245463408955,20.543081243906343,-1.3179031656973024,-0.428333395537436,verrokki
119,2026-07-30,13845,115.7981220657277,127,18.34597327555074,31,116.28245463408955,20.543081243906343,-2.1971079683556027,-0.48433256836185024,verrokki
119,2026-07-31,13365,114.76902356902357,126,17.32136176580621,31,116.28245463408955,20.543081243906343,-3.221719478100134,-1.5134310650659728,verrokki
119,2026-08-03,13640,115.76348973607038,127,19.186217008797655,32,115.59386096542707,19.2431693583134,-0.05695234951574335,0.16962877064331394,verrokki
119,2026-08-04,13464,115.93931966726085,127,19.266191325014855,32,115.59386096542707,19.2431693583134,0.02302196670145662,0.3454587018337776,verrokki
119,2026-08-05,13516,114.49815034033738,126,17.408996744598994,32,115.59386096542707,19.2431693583134,-1.8341726137144043,-1.0957106250896942,verrokki
119,2026-08-06,13647,115.83871913241005,127,20.092327984172346,32,115.59386096542707,19.2431693583134,0.8491586258589479,0.24485816698297924,verrokki
119,2026-08-07,13580,115.9840942562592,127,20.014727540500736,32,115.59386096542707,19.2431693583134,0.7715581821873378,0.39023329083212843,verrokki
119,2026-08-10,13056,113.07628676470588,125,14.629289215686274,33,115.9252824285091,20.040013839373017,-5.410724623686743,-2.8489956638032226,verrokki
119,2026-08-11,13004,115.33743463549678,126,17.932943709627807,33,115.9252824285091,20.040013839373017,-2.1070701297452104,-0.5878477930123296,verrokki
119,2026-08-12,13141,115.48839509930751,127,18.4993531694696,33,115.9252824285091,20.040013839373017,-1.540660669903417,-0.43688732920159623,verrokki
119,2026-08-13,13502,116.00673974226041,127,19.723003999407496,33,115.9252824285091,20.040013839373017,-0.3170098399655217,0.08145731375130083,verrokki
119,2026-08-14,13580,115.95309278350516,127,20.007363770250368,33,115.9252824285091,20.040013839373017,-0.03265006912264923,0.027810354996049114,verrokki
119,2026-08-17,13121,115.43784772502096,127,18.51230851307065,34,116.44842127378594,20.822078155951736,-2.3097696428810863,-1.010573548764981,verrokki
119,2026-08-18,13142,115.8507837467661,127,19.076244102876274,34,116.44842127378594,20.822078155951736,-1.7458340530754626,-0.5976375270198417,verrokki
119,2026-08-20,13392,114.33654420549581,126,16.34557945041816,34,116.44842127378594,20.822078155951736,-4.476498705533576,-2.111877068290127,verrokki
119,2026-08-21,13854,115.47502526346182,127,19.041432077378374,34,116.44842127378594,20.822078155951736,-1.780646078573362,-0.973396010324123,verrokki
119,2026-08-24,13123,115.49759963422997,127,18.722853006172368,35,110.84884532419744,14.257391194010912,4.465461812161456,4.64875431003253,verrokki
119,2026-08-25,12918,115.40834494503792,127,18.911596222325436,35,110.84884532419744,14.257391194010912,4.654205028314523,4.559499620840484,verrokki
119,2026-08-26,13259,115.83852477562411,127,19.51127536013274,35,110.84884532419744,14.257391194010912,5.253884166121827,4.989679451426667,verrokki
119,2026-08-27,13625,116.27493577981652,127,20.704587155963303,35,110.84884532419744,14.257391194010912,6.44719596195239,5.426090455619075,verrokki
119,2026-08-28,13635,116.16582324899157,127,20.22002200220022,35,110.84884532419744,14.257391194010912,5.962630808189308,5.316977924794131,verrokki
119,2026-08-31,13012,113.15777743621273,125,13.917921918229327,36,112.24120650233345,13.781438907507752,0.13648301072157487,0.9165709338792709,verrokki
119,2026-09-01,13162,115.08532137972952,127,18.62938763105911,36,112.24120650233345,13.781438907507752,4.847948723551358,2.8441148773960663,verrokki
119,2026-09-02,13149,116.06312267092555,127,19.40832002433645,36,112.24120650233345,13.781438907507752,5.626881116828699,3.8219161685920966,verrokki
119,2026-09-03,13393,116.2472186963339,127,20.764578511162547,36,112.24120650233345,13.781438907507752,6.983139603654795,4.006012194000448,verrokki
119,2026-09-04,13746,115.97533828022698,127,19.9257965953732,36,112.24120650233345,13.781438907507752,6.144357687865448,3.7341317778935235,verrokki
119,2026-09-07,13032,115.96654389195825,127,19.513505217925108,37,111.8953765905319,13.509839563739824,6.0036656541852835,4.071167301426357,verrokki
119,2026-09-08,12604,114.03554427165979,126,16.09013011742304,37,111.8953765905319,13.509839563739824,2.5802905536832164,2.140167681127892,verrokki
119,2026-09-09,12855,114.02147024504085,126,15.106962271489692,37,111.8953765905319,13.509839563739824,1.5971227077498682,2.1260936545089493,verrokki
119,2026-09-10,13206,115.07693472663941,127,18.355293048614268,37,111.8953765905319,13.509839563739824,4.845453484874444,3.181558136107512,verrokki
119,2026-09-11,13553,115.52394303844167,127,19.183944514129713,37,111.8953765905319,13.509839563739824,5.674104950389889,3.628566447909776,verrokki
119,2026-09-14,13029,115.54708726686623,127,18.950034538337555,38,113.57783711198552,15.731372181625133,3.2186623567124215,1.9692501548807115,verrokki
119,2026-09-15,13174,115.74874753301958,127,19.546075603461365,38,113.57783711198552,15.731372181625133,3.8147034218362315,2.1709104210340655,verrokki
119,2026-09-16,12794,113.10575269657652,126,15.13990933249961,38,113.57783711198552,15.731372181625133,-0.5914628491255236,-0.47208441540900026,verrokki
119,2026-09-17,13303,115.76614297526874,127,19.11598887468992,38,113.57783711198552,15.731372181625133,3.3846166930647854,2.188305863283219,verrokki
119,2026-09-18,13414,113.83017742656925,126,16.013120620247502,38,113.57783711198552,15.731372181625133,0.281748438622369,0.2523403145837335,verrokki
119,2026-09-21,12926,114.01446696580535,126,15.101346124090979,39,115.6143547569864,18.77850099388081,-3.677154869789833,-1.5998877911810467,verrokki
119,2026-09-22,12946,115.23196354086204,127,18.399505638807355,39,115.6143547569864,18.77850099388081,-0.3789953550734566,-0.3823912161243612,verrokki
119,2026-09-23,13112,114.65382855399633,126,16.412446613788894,39,115.6143547569864,18.77850099388081,-2.366054380091917,-0.9605262029900672,verrokki
119,2026-09-24,12990,112.94126250962279,125,14.680523479599692,39,115.6143547569864,18.77850099388081,-4.097977514281119,-2.6730922473636127,verrokki
119,2026-09-25,13179,108.92047955080052,123,8.672888686546779,39,115.6143547569864,18.77850099388081,-10.105612307334033,-6.693875206185879,verrokki
125,2026-07-27,6307,79.94815284604408,86,15.80783256698906,31,80.1087926039259,16.351443731892314,-0.543611164903254,-0.1606397578818246,verrokki
125,2026-07-28,6377,80.43468715697036,86,17.359259840050182,31,80.1087926039259,16.351443731892314,1.0078161081578685,0.32589455304444925,verrokki
125,2026-07-29,6486,80.25609004008633,86,16.37372802960222,31,80.1087926039259,16.351443731892314,0.022284297709905587,0.14729743616042867,verrokki
125,2026-07-30,6570,80.5634703196347,86,17.838660578386605,31,80.1087926039259,16.351443731892314,1.4872168464942916,0.45467771570879734,verrokki
125,2026-07-31,6395,80.2556684910086,86,17.247849882720875,31,80.1087926039259,16.351443731892314,0.896406150828561,0.14687588708270027,verrokki
125,2026-08-03,6203,80.18539416411414,86,16.68547477027245,32,79.72973636236152,15.853316505398963,0.8321582648734864,0.45565780175262205,verrokki
125,2026-08-04,6053,80.16735503056336,86,17.363290930117298,32,79.72973636236152,15.853316505398963,1.5099744247183349,0.4376186682018357,verrokki
125,2026-08-05,6067,80.25795285973298,86,16.960606560079118,32,79.72973636236152,15.853316505398963,1.1072900546801545,0.52821649737146,verrokki
125,2026-08-06,6141,80.3426152092493,86,16.57710470607393,32,79.72973636236152,15.853316505398963,0.7237882006749654,0.6128788468877815,verrokki
125,2026-08-07,6319,79.83731603101756,86,16.22092103180883,32,79.72973636236152,15.853316505398963,0.3676045264098686,0.10757966865604374,verrokki
125,2026-08-10,5845,79.6809238665526,86,15.551753635585971,33,79.83246650906226,16.012608353033883,-0.46085471744791207,-0.15154264250965355,verrokki
125,2026-08-11,5901,80.1459074733096,86,17.014065412641926,33,79.83246650906226,16.012608353033883,1.0014570596080432,0.3134409642473486,verrokki
125,2026-08-12,5792,79.83511740331491,86,15.814917127071823,33,79.83246650906226,16.012608353033883,-0.19769122596206046,0.002650894252653302,verrokki
125,2026-08-13,5931,80.05816894284268,86,15.781487101669196,33,79.83246650906226,16.012608353033883,-0.2311212513646872,0.22570243378042676,verrokki
125,2026-08-14,5992,79.9305740987984,86,15.370493991989319,33,79.83246650906226,16.012608353033883,-0.6421143610445643,0.09810758973614497,verrokki
125,2026-08-17,5725,79.717903930131,86,15.336244541484715,34,79.39466544384577,14.3987160380603,0.9375285034244154,0.3232384862852342,verrokki
125,2026-08-18,5639,79.67919843943962,85,14.54158538748005,34,79.39466544384577,14.3987160380603,0.14286934941974927,0.2845329955938496,verrokki
125,2026-08-20,5732,79.36775994417306,85,14.480111653872994,34,79.39466544384577,14.3987160380603,0.08139561581269383,-0.026905499672707833,verrokki
125,2026-08-21,6072,78.65530303030303,86,15.612648221343873,34,79.39466544384577,14.3987160380603,1.213932183283573,-0.7393624135427359,verrokki
125,2026-08-24,5812,79.8805918788713,86,15.863730213351687,35,79.15168175937904,14.111686071582579,1.7520441417691082,0.7289101194922551,verrokki
125,2026-08-25,5561,79.28268297068873,85,14.385901816220104,35,79.15168175937904,14.111686071582579,0.27421574463752485,0.13100121130968034,verrokki
125,2026-08-26,5574,79.31413706494439,85,14.585575888051668,35,79.15168175937904,14.111686071582579,0.47388981646908945,0.16245530556534504,verrokki
125,2026-08-27,5683,79.3469998240366,85,14.587365827907796,35,79.15168175937904,14.111686071582579,0.4756797563252171,0.19531806465755608,verrokki
125,2026-08-28,5977,79.80726116780994,85,14.990798059227037,35,79.15168175937904,14.111686071582579,0.8791119876444586,0.6555794084308957,verrokki
125,2026-08-31,5586,79.46276405298961,86,15.127103472968134,36,79.45170908316473,14.726866148439996,0.4002373245281383,0.011054969824883187,verrokki
125,2026-09-01,5409,78.4952856350527,86,15.82547605842115,36,79.45170908316473,14.726866148439996,1.098609909981155,-0.9564234481120337,verrokki
125,2026-09-02,5516,75.6627991298042,84,10.69615663524293,36,79.45170908316473,14.726866148439996,-4.030709513197065,-3.7889099533605304,verrokki
125,2026-09-03,5681,79.49709558176377,85,14.02922020770991,36,79.45170908316473,14.726866148439996,-0.6976459407300855,0.045386498599043534,verrokki
125,2026-09-04,5921,79.37341665259247,86,15.065022800202668,36,79.45170908316473,14.726866148439996,0.33815665176267196,-0.07829243057226165,verrokki
125,2026-09-07,5730,79.48883071553229,85,14.537521815008725,37,79.25772867311166,14.649952193774567,-0.11243037876584161,0.23110204242063048,verrokki
125,2026-09-08,5643,79.06202374623427,85,13.007265638844586,37,79.25772867311166,14.649952193774567,-1.6426865549299805,-0.19570492687738295,verrokki
125,2026-09-09,5595,79.2130473637176,85,13.726541554959786,37,79.25772867311166,14.649952193774567,-0.9234106388147811,-0.04468130939405057,verrokki
125,2026-09-10,5709,79.5249605885444,85,14.485899456997723,37,79.25772867311166,14.649952193774567,-0.16405273677684384,0.2672319154327454,verrokki
125,2026-09-11,6115,79.56729354047424,85,13.769419460343418,37,79.25772867311166,14.649952193774567,-0.8805327334311492,0.3095648673625817,verrokki
125,2026-09-14,5629,78.5098596553562,85,13.981168946526914,38,79.61254165404424,15.33626173886701,-1.3550927923400966,-1.1026819986880412,verrokki
125,2026-09-15,2438,80.03814602132896,86,16.406890894175554,38,79.61254165404424,15.33626173886701,1.0706291553085432,0.42560436728471984,verrokki
126,2026-07-27,22250,79.50498876404494,87,20.835955056179774,31,81.206800347191475,25.527429897436807,-4.691474841257033,-1.7018115831465366,KehaI
126,2026-07-28,22269,79.23763976828775,87,20.4140284700705,31,81.206800347191475,25.527429897436807,-5.1134014273663055,-1.9691605789037254,KehaI
126,2026-07-29,22347,78.91551438671857,87,19.899762831700006,31,81.206800347191475,25.527429897436807,-5.6276670657368015,-2.291285960472905,KehaI
126,2026-07-30,22691,79.9726323211846,87,22.220263540610816,31,81.206800347191475,25.527429897436807,-3.3071663568259915,-1.23416802600687,KehaI
126,2026-07-31,22720,79.72037852112676,87,21.588908450704224,31,81.206800347191475,25.527429897436807,-3.938521446732583,-1.4864218260647135,KehaI
126,2026-08-03,22090,79.24866455409688,87,19.67406066093255,32,79.72715624100502,21.145971643190745,-1.4719109822581942,-0.4784916869081428,KehaI
126,2026-08-04,21484,78.08410910444982,86,18.753490970024203,32,79.72715624100502,21.145971643190745,-2.392480673166542,-1.6430471365551966,KehaI
126,2026-08-05,21764,78.99053482815658,87,19.54603933100533,32,79.72715624100502,21.145971643190745,-1.599932312185416,-0.7366214128484359,KehaI
126,2026-08-06,22029,79.1980117118344,87,19.474329293204413,32,79.72715624100502,21.145971643190745,-1.6716423499863318,-0.5291445291706225,KehaI
126,2026-08-07,22786,79.56034407092073,87,20.21416659352234,32,79.72715624100502,21.145971643190745,-0.9318050496684052,-0.16681217008428462,KehaI
126,2026-08-10,20727,78.38645245332175,86,17.455492835432047,33,79.20502123714655,20.773618639498256,-3.3181258040662094,-0.8185687838248015,KehaI
126,2026-08-11,20316,78.31900964756842,86,18.123646387084072,33,79.20502123714655,20.773618639498256,-2.6499722524141838,-0.886011589578132,KehaI
126,2026-08-12,20674,77.95907903647092,86,17.872690335687338,33,79.20502123714655,20.773618639498256,-2.900928303810918,-1.2459422006756284,KehaI
126,2026-08-13,21291,78.5233197125546,86,18.280024423465314,33,79.20502123714655,20.773618639498256,-2.4935942160329425,-0.6817015245919578,KehaI
126,2026-08-14,22288,78.29666188083273,86,18.15326633165829,33,79.20502123714655,20.773618639498256,-2.6203523078399655,-0.9083593563138237,KehaI
126,2026-08-17,21260,77.78941674506115,86,17.5587958607714,34,79.53028495692512,20.848243870112658,-3.289448009341257,-1.740868211863969,KehaI
126,2026-08-18,20701,77.42770880633786,86,15.844645186222888,34,79.53028495692512,20.848243870112658,-5.00359868388977,-2.1025761505872538,KehaI
126,2026-08-20,20136,76.61347834723878,86,15.817441398490265,34,79.53028495692512,20.848243870112658,-5.030802471622392,-2.9168066096863328,KehaI
126,2026-08-21,21317,77.78772810432987,86,17.53530046441807,34,79.53028495692512,20.848243870112658,-3.312943405694586,-1.7425568525952428,KehaI
126,2026-08-24,21040,79.08403041825095,86,18.51235741444867,35,79.1298104537622,20.174229370093816,-1.6618719556451467,-0.045780035511256756,KehaI
126,2026-08-25,20251,76.82005826872746,86,16.60658732902079,35,79.1298104537622,20.174229370093816,-3.567642041073025,-2.309752185034739,KehaI
126,2026-08-26,20123,77.15579187993838,86,16.88118073845848,35,79.1298104537622,20.174229370093816,-3.2930486316353367,-1.9740185738238267,KehaI
126,2026-08-27,20162,76.1048011110009,86,16.134312072215057,35,79.1298104537622,20.174229370093816,-4.039917297878759,-3.025009342761308,KehaI
126,2026-08-28,21998,78.67783434857715,86,18.56532412037458,35,79.1298104537622,20.174229370093816,-1.6089052497192355,-0.4519761051850537,KehaI
126,2026-08-31,20391,76.42705115001716,86,15.129223677112451,36,79.63935496074907,20.773668778965288,-5.6444451018528365,-3.2123038107319104,KehaI
126,2026-09-01,20362,76.58623907278263,86,16.211570572635303,36,79.63935496074907,20.773668778965288,-4.562098206329985,-3.0531158879664417,KehaI
126,2026-09-02,20571,76.8118710806475,86,16.10519663604103,36,79.63935496074907,20.773668778965288,-4.668472142924259,-2.8274838801015676,KehaI
126,2026-09-03,20759,77.34062334409172,86,16.754178910352138,36,79.63935496074907,20.773668778965288,-4.0194898686131495,-2.2987316166573493,KehaI
126,2026-09-04,21706,77.73039712521883,86,17.40993273749194,36,79.63935496074907,20.773668778965288,-3.3637360414733486,-1.908957835530245,KehaI
126,2026-09-07,21021,77.423766709481,86,16.673802388088102,37,79.32619631843718,20.158593313311798,-3.4847909252236953,-1.902429608956183,KehaI
126,2026-09-08,20581,76.80239055439483,85,14.148972353141247,37,79.32619631843718,20.158593313311798,-6.009620960170551,-2.5238057640423506,KehaI
126,2026-09-09,20378,76.62449700657572,86,15.197762292668564,37,79.32619631843718,20.158593313311798,-4.960831020643234,-2.7016993118614607,KehaI
126,2026-09-10,21025,77.10154577883472,86,15.70986920332937,37,79.32619631843718,20.158593313311798,-4.448724109982427,-2.2246505396024645,KehaI
126,2026-09-11,22423,78.83717611381171,86,17.950318869018417,37,79.32619631843718,20.158593313311798,-2.20827444429338,-0.4890202046254757,KehaI
126,2026-09-14,21633,78.70332362594185,86,17.491794942911294,38,78.969280401298093,18.87402954212577,-1.382234599214474,-0.2659567753562442,KehaI
126,2026-09-15,21343,78.67080541629574,86,17.087569694981962,38,78.969280401298093,18.87402954212577,-1.7864598471438065,-0.2984749850023576,KehaI
126,2026-09-16,18922,77.68354296585984,85,14.284959306627206,38,78.969280401298093,18.87402954212577,-4.589070235498562,-1.28573743543825,KehaI
126,2026-09-17,21461,78.64232794371185,86,16.905083640091327,38,78.969280401298093,18.87402954212577,-1.9689459020344415,-0.3269524575862448,KehaI
126,2026-09-18,21703,78.06538266599088,86,15.74436713818366,38,78.969280401298093,18.87402954212577,-3.129662403942108,-0.9038977353072113,KehaI
126,2026-09-21,21379,77.86903035689228,86,15.449740399457411,39,79.68501002476707,20.30428116523175,-4.854540765774338,-1.8159796678747853,KehaI
126,2026-09-22,19708,77.9102394966511,85,14.628577227521818,39,79.68501002476707,20.30428116523175,-5.675703937709931,-1.7747705281159654,KehaI
126,2026-09-23,21066,78.10633247887591,86,15.527390107281876,39,79.68501002476707,20.30428116523175,-4.776891057949873,-1.5786775458911535,KehaI
126,2026-09-24,20371,76.98193510382406,86,15.02135388542536,39,79.68501002476707,20.30428116523175,-5.28292727980639,-2.70307492094301,KehaI
126,2026-09-25,20216,76.6899980213692,85,12.534626038781163,39,79.68501002476707,20.30428116523175,-7.769655126450587,-2.9950120033978607,KehaI
131,2026-07-27,15830,88.4739102969046,97,62.88060644346178,31,89.11305058121269,64.77913917687717,-1.8985327334153865,-0.639140284308084,verrokki
131,2026-07-28,15624,88.37877624167946,97,61.9815668202765,31,89.11305058121269,64.77913917687717,-2.797572356600668,-0.7342743395332292,verrokki
131,2026-07-29,15497,88.56765825643673,97,62.36045686261857,31,89.11305058121269,64.77913917687717,-2.4186823142585965,-0.5453923247759604,verrokki
131,2026-07-30,15909,88.75617574957572,97,63.894650826576154,31,89.11305058121269,64.77913917687717,-0.8844883503010124,-0.3568748316369721,verrokki
131,2026-07-31,15944,88.51254390366282,97,62.12995484194681,31,89.11305058121269,64.77913917687717,-2.6491843349303537,-0.6005066775498733,verrokki
131,2026-08-03,15520,86.72738402061856,96,59.86469072164948,32,88.45226748853953,62.42521561213126,-2.56052489048178,-1.724883467920975,verrokki
131,2026-08-04,15373,88.07864437650426,96,61.34131269108177,32,88.45226748853953,62.42521561213126,-1.0839029210494928,-0.37362311203527554,verrokki
131,2026-08-05,15172,88.39447666754548,97,62.00237279198524,32,88.45226748853953,62.42521561213126,-0.42284282014602326,-0.05779082099405741,verrokki
131,2026-08-06,15581,88.30049419164366,96,61.61992169950581,32,88.45226748853953,62.42521561213126,-0.8052939126254515,-0.15177329689586827,verrokki
131,2026-08-07,15950,88.66833855799374,97,63.059561128526646,32,88.45226748853953,62.42521561213126,0.6343455163953848,0.21607106945420185,verrokki
131,2026-08-10,15210,87.17817225509533,96,58.152531229454304,33,88.55369026998163,63.3551697641405,-5.202638534686194,-1.3755180148862962,verrokki
131,2026-08-11,14649,87.76797050993243,96,60.04505426991604,33,88.55369026998163,63.3551697641405,-3.310115494224462,-0.7857197600492043,verrokki
131,2026-08-12,14980,88.06949265687584,96,60.9279038718291,33,88.55369026998163,63.3551697641405,-2.4272658923113966,-0.4841976131057919,verrokki
131,2026-08-13,15260,88.33138925294888,96,62.61467889908257,33,88.55369026998163,63.3551697641405,-0.7404908650579287,-0.2223010170327484,verrokki
131,2026-08-14,15534,88.66834041457449,97,63.39642075447406,33,88.55369026998163,63.3551697641405,0.041250990333558946,0.11465014459285783,verrokki
131,2026-08-17,15363,88.17079997396341,96,62.1037557768665,34,88.8049478180227,64.2053840828642,-2.1016283059977,-0.6341478440592851,verrokki
131,2026-08-18,14826,88.20544988533658,96,62.20828274652637,34,88.8049478180227,64.2053840828642,-1.9971013363378276,-0.5994979326861198,verrokki
131,2026-08-20,15287,87.68496107804016,96,59.35762412507359,34,88.8049478180227,64.2053840828642,-4.847759957790608,-1.1199867399825365,verrokki
131,2026-08-21,15595,88.21763385700545,96,61.417120872074385,34,88.8049478180227,64.2053840828642,-2.7882632107898147,-0.5873139610172444,verrokki
131,2026-08-24,15481,87.97474323364123,96,61.11362315095924,35,88.38989012151423,62.92956405611604,-1.8159409051568005,-0.4151468878729929,verrokki
131,2026-08-25,15266,87.95919035765753,96,60.873837285470984,35,88.38989012151423,62.92956405611604,-2.055726770645059,-0.43069976385669406,verrokki
131,2026-08-26,15308,88.2532662660047,96,62.24196498562843,35,88.38989012151423,62.92956405611604,-0.6875990704876145,-0.1366238555095265,verrokki
131,2026-08-27,15512,88.32974471376998,96,62.22924187725632,35,88.38989012151423,62.92956405611604,-0.7003221788597216,-0.06014540774424404,verrokki
131,2026-08-28,15888,88.47520140986909,96,62.74546827794562,35,88.38989012151423,62.92956405611604,-0.18409577817042333,0.08531128835485902,verrokki
131,2026-08-31,15486,87.47785096215937,95,58.80149812734082,36,88.58628909729136,63.548488500026195,-4.746990372685374,-1.1084381351319905,verrokki
131,2026-09-01,15402,88.25671990650565,96,62.0633683937151,36,88.58628909729136,63.548488500026195,-1.4851201063110935,-0.3295691907857048,verrokki
131,2026-09-02,15242,88.23271224248786,96,61.573284345886364,36,88.58628909729136,63.548488500026195,-1.9752041541398313,-0.3535768548034923,verrokki
131,2026-09-03,15488,88.34781766528926,96,62.20299586776859,36,88.58628909729136,63.548488500026195,-1.3454926322576028,-0.23847143200210041,verrokki
131,2026-09-04,16050,88.51221183800624,97,63.14641744548287,36,88.58628909729136,63.548488500026195,-0.4020710545433275,-0.07407725928511866,verrokki
131,2026-09-07,15678,87.98016328613343,96,60.60722030871285,37,88.20287306533572,61.87563842304659,-1.2684181143337412,-0.2227097792022903,verrokki
131,2026-09-08,15228,87.49454951405306,95,59.239558707643816,37,88.20287306533572,61.87563842304659,-2.636079715402772,-0.7083235512826604,verrokki
131,2026-09-09,15255,87.43284169124877,95,58.31530645689938,37,88.20287306533572,61.87563842304659,-3.56033196614721,-0.7700313740869547,verrokki
131,2026-09-10,15473,87.20086602468817,95,57.357978414011505,37,88.20287306533572,61.87563842304659,-4.517660009035083,-1.0020070406475554,verrokki
131,2026-09-11,16243,87.97063350366312,96,60.47528165979191,37,88.20287306533572,61.87563842304659,-1.4003567632546776,-0.23223956167259985,verrokki
131,2026-09-14,15704,88.03183902190524,96,61.01630157921549,38,87.94042497888101,61.016310351549805,-8.772334318507546e-6,0.09141404302422984,verrokki
131,2026-09-15,15583,87.78713983186806,96,60.193800936918436,38,87.94042497888101,61.016310351549805,-0.8225094146313694,-0.15328514701295148,verrokki
131,2026-09-16,15449,87.16344099941743,95,57.505340151466115,38,87.94042497888101,61.016310351549805,-3.5109702000836904,-0.77698397946358,verrokki
131,2026-09-17,15459,87.71822239472152,96,59.69985121935442,38,87.94042497888101,61.016310351549805,-1.3164591321953836,-0.2222025841594899,verrokki
131,2026-09-18,15877,87.03539711532406,95,55.75990426402973,38,87.94042497888101,61.016310351549805,-5.256406087520077,-0.9050278635569526,verrokki
131,2026-09-21,15600,87.29083333333334,95,58.21153846153846,39,88.21570859419465,62.46849337344499,-4.256954911906533,-0.9248752608613131,verrokki
131,2026-09-22,14239,85.75272139897464,95,55.685090245101485,39,88.21570859419465,62.46849337344499,-6.783403128343508,-2.462987195220009,verrokki
131,2026-09-23,12126,86.62675243278905,95,60.65479135741382,39,88.21570859419465,62.46849337344499,-1.813702016031172,-1.588956161405605,verrokki
131,2026-09-24,11874,87.88041098197743,95,61.840997136600976,39,88.21570859419465,62.46849337344499,-0.6274962368440171,-0.335297612217218,verrokki
131,2026-09-25,12192,87.76271325459318,95,62.45898950131234,39,88.21570859419465,62.46849337344499,-0.009503872132654578,-0.45299533960147187,verrokki
145,2026-07-27,22602,80.54455357932926,87,20.967171046810016,31,80.85272063905926,21.215647502471718,-0.2484764556617023,-0.30816705972999614,KehaI
145,2026-07-28,22620,80.88006189213085,87,21.50309460654288,31,80.85272063905926,21.215647502471718,0.2874471040711626,0.027341253071597293,KehaI
145,2026-07-29,22475,80.51639599555061,87,21.050055617352616,31,80.85272063905926,21.215647502471718,-0.1655918851191025,-0.33632464350864666,KehaI
145,2026-07-30,22889,80.51216741666303,87,21.691642273581195,31,80.85272063905926,21.215647502471718,0.47599477110947674,-0.340553222396224,KehaI
145,2026-07-31,22890,80.09689820882481,87,19.76845784185234,31,80.85272063905926,21.215647502471718,-1.4471896606193795,-0.7558224302344456,KehaI
145,2026-08-03,22160,80.54995487364621,87,20.703971119133573,32,79.8321390283812,19.21232297015178,1.4916481489817919,0.7178158452650081,KehaI
145,2026-08-04,21648,79.60569105691057,87,20.42220990391722,32,79.8321390283812,19.21232297015178,1.2098869337654392,-0.226447971470634,KehaI
145,2026-08-05,21672,79.60354374307863,86,19.130675526024362,32,79.8321390283812,19.21232297015178,-0.08164744412741953,-0.22859528530257478,KehaI
145,2026-08-06,21698,80.02636187667066,87,19.508710480228594,32,79.8321390283812,19.21232297015178,0.2963875100768121,0.19422284828945635,KehaI
145,2026-08-07,22484,80.41936488169365,87,20.10318448674613,32,79.8321390283812,19.21232297015178,0.8908615165943488,0.5872258533124466,KehaI
145,2026-08-10,20737,79.28461204610117,86,17.88590442204755,33,79.60658682059606,19.345543955357915,-1.4596395333103658,-0.3219747744948904,KehaI
145,2026-08-11,20150,79.45369727047147,86,19.200992555831267,33,79.60658682059606,19.345543955357915,-0.14455139952664808,-0.15288955012459837,KehaI
145,2026-08-12,20776,79.63217173661917,86,19.017135155949173,33,79.60658682059606,19.345543955357915,-0.32840879940874146,0.02558491602310653,KehaI
145,2026-08-13,20920,79.95057361376674,87,19.40248565965583,33,79.60658682059606,19.345543955357915,0.05694170429791612,0.3439867931706715,KehaI
145,2026-08-14,21877,80.17977784888238,87,19.806189148420717,33,79.60658682059606,19.345543955357915,0.4606451930628026,0.5731910282863169,KehaI
145,2026-08-17,19924,79.03141939369604,86,18.831559927725355,34,79.67138571705051,19.589703890071608,-0.7581439623462529,-0.6399663233544715,KehaI
145,2026-08-18,19716,78.53930817610063,86,17.473118279569892,34,79.67138571705051,19.589703890071608,-2.1165856105017156,-1.1320775409498793,KehaI
145,2026-08-20,19904,78.68945940514469,86,18.096864951768488,34,79.67138571705051,19.589703890071608,-1.4928389383031195,-0.9819263119058235,KehaI
145,2026-08-21,20878,79.07088801609349,86,18.15786952773254,34,79.67138571705051,19.589703890071608,-1.4318343623390675,-0.6004977009570212,KehaI
145,2026-08-24,20484,79.61916617848077,86,19.102714313610623,35,79.60296948300044,19.54732311263723,-0.4446087990266072,0.01619669548033187,KehaI
145,2026-08-25,19533,77.30937388010034,86,17.370603593917984,35,79.60296948300044,19.54732311263723,-2.1767195187192456,-2.2935956029000977,KehaI
145,2026-08-26,19509,69.44353887949151,82,8.216720487979906,35,79.60296948300044,19.54732311263723,-11.330602624657324,-10.159430603508923,KehaI
145,2026-08-27,19884,70.18975055320861,83,8.745725206195937,35,79.60296948300044,19.54732311263723,-10.801597906441293,-9.413218929791825,KehaI
145,2026-08-28,21010,68.98400761542123,81,6.26844359828653,35,79.60296948300044,19.54732311263723,-13.278879514350699,-10.618961867579202,KehaI
145,2026-08-31,19487,69.22343100528558,81,6.127161697541951,36,79.79373413506549,19.804264108330358,-13.677102410788407,-10.570303129779916,KehaI
145,2026-09-01,19890,69.701860231272,82,6.862745098039215,36,79.79373413506549,19.804264108330358,-12.941519010291142,-10.091873903793498,KehaI
145,2026-09-02,19760,69.63127530364372,82,6.791497975708502,36,79.79373413506549,19.804264108330358,-13.012766132621856,-10.162458831421773,KehaI
145,2026-09-03,19838,69.7548139933461,82,6.850488960580703,36,79.79373413506549,19.804264108330358,-12.953775147749655,-10.038920141719387,KehaI
145,2026-09-04,20895,69.64828906436946,81,6.527877482651352,36,79.79373413506549,19.804264108330358,-13.276386625679006,-10.145445070696027,KehaI
145,2026-09-07,20264,69.9018949861824,82,6.7163442558231345,37,79.9363212993611,20.052343930413365,-13.33599967459023,-10.034426313178699,KehaI
145,2026-09-08,19610,69.20413054563998,81,5.8082610912799595,37,79.9363212993611,20.052343930413365,-14.244082839133405,-10.732190753721113,KehaI
145,2026-09-09,19364,68.95279900846933,81,6.315843833918612,37,79.9363212993611,20.052343930413365,-13.736500096494753,-10.98352229089177,KehaI
145,2026-09-10,20004,69.49715056988602,81,6.05878824235153,37,79.9363212993611,20.052343930413365,-13.993555688061836,-10.43917072947508,KehaI
145,2026-09-11,21119,70.16937354988399,82,6.458639140110801,37,79.9363212993611,20.052343930413365,-13.593704790302564,-9.766947749477112,KehaI
145,2026-09-14,20456,69.67804067266327,81,5.788032850997262,38,79.54969083425985,18.822049271461175,-13.034016420463914,-9.871650161596577,KehaI
145,2026-09-15,20018,69.36237386352283,81,5.659906084523929,38,79.54969083425985,18.822049271461175,-13.162143186937246,-10.187316970737015,KehaI
145,2026-09-16,17132,68.17837964043895,80,4.803875787999066,38,79.54969083425985,18.822049271461175,-14.01817348346211,-11.371311193820901,KehaI
145,2026-09-17,19893,68.37550897300558,80,4.780576082038908,38,79.54969083425985,18.822049271461175,-14.041473189422266,-11.174181861254269,KehaI
145,2026-09-18,20650,68.38363196125908,80,4.910411622276029,38,79.54969083425985,18.822049271461175,-13.911637649185145,-11.166058873000765,KehaI
145,2026-09-21,20340,68.62379547689282,80,5.304818092428712,39,79.925818437925,19.993442782203225,-14.688624689774514,-11.30202296103218,KehaI
145,2026-09-22,17057,68.44714779855778,80,4.995016708682653,39,79.925818437925,19.993442782203225,-14.998426073520573,-11.478670639367223,KehaI
145,2026-09-23,19776,67.70438915857605,79,3.934061488673139,39,79.925818437925,19.993442782203225,-16.059381293530087,-12.221429279348953,KehaI
145,2026-09-24,19592,66.9496222948142,79,3.731114740710494,39,79.925818437925,19.993442782203225,-16.26232804149273,-12.976196143110798,KehaI
145,2026-09-25,19898,67.45110061312695,79,3.8194793446577546,39,79.925818437925,19.993442782203225,-16.17396343754547,-12.474717824798049,KehaI
146,2026-07-27,21957,81.54511089857449,88,27.171289338252038,31,82.39796030972393,30.082212944400506,-2.9109236061484687,-0.8528494111494354,KehaI
146,2026-07-28,21515,82.08575412502906,89,28.51963746223565,31,82.39796030972393,30.082212944400506,-1.5625754821648563,-0.3122061846948725,KehaI
146,2026-07-29,21542,82.03741528177514,89,28.613870578404978,31,82.39796030972393,30.082212944400506,-1.4683423659955288,-0.3605450279487883,KehaI
146,2026-07-30,21879,82.18117829882536,89,29.10553498788793,31,82.39796030972393,30.082212944400506,-0.976677956512578,-0.2167820108985694,KehaI
146,2026-07-31,21850,81.57189931350115,88,27.020594965675055,31,82.39796030972393,30.082212944400506,-3.061617978725451,-0.826060996222779,KehaI
146,2026-08-03,20723,81.85031124837137,88,27.360903344110408,32,81.32319251262197,26.82245415178304,0.5384491923273664,0.5271187357493972,KehaI
146,2026-08-04,19904,80.9623191318328,88,27.426647909967844,32,81.32319251262197,26.82245415178304,0.6041937581848025,-0.3608733807891724,KehaI
146,2026-08-05,20010,81.9952023988006,88,28.435782108945528,32,81.32319251262197,26.82245415178304,1.6133279571624861,0.6720098861786283,KehaI
146,2026-08-06,20083,81.91813972016134,88,28.222875068465868,32,81.32319251262197,26.82245415178304,1.400420916682826,0.5949472075393629,KehaI
146,2026-08-07,21343,81.811975823455,88,27.798341376563744,32,81.32319251262197,26.82245415178304,0.9758872247807027,0.4887833108330284,KehaI
146,2026-08-10,19527,80.27971526604189,87,22.85553336406002,33,81.41106883287887,27.85974225254274,-5.004208888482722,-1.131353566836978,KehaI
146,2026-08-11,18809,80.9278536870647,88,25.078419905364452,33,81.41106883287887,27.85974225254274,-2.781322347178289,-0.4832151458141709,KehaI
146,2026-08-12,19137,81.63505251606836,88,27.052307049171763,33,81.41106883287887,27.85974225254274,-0.8074352033709786,0.2239836831894877,KehaI
146,2026-08-13,19239,81.4575601642497,88,26.103227818493686,33,81.41106883287887,27.85974225254274,-1.7565144340490555,0.046491331370830835,KehaI
146,2026-08-14,20037,81.92169486450068,88,28.07805559714528,33,81.41106883287887,27.85974225254274,0.2183133446025387,0.5106260316218112,KehaI
146,2026-08-17,19206,80.68114131000729,88,25.79922940747683,34,81.39104960309126,28.401024822546095,-2.6017954150692653,-0.70990829308397,KehaI
146,2026-08-18,16884,80.46624022743426,88,24.958540630182423,34,81.39104960309126,28.401024822546095,-3.442484192363672,-0.9248093756570057,KehaI
146,2026-08-20,18337,79.81370998527568,88,24.229699514642526,34,81.39104960309126,28.401024822546095,-4.171325307903569,-1.577339617815582,KehaI
146,2026-08-21,19419,79.67078634327206,87,21.932128327926257,34,81.39104960309126,28.401024822546095,-6.4688964946198375,-1.7202632598192054,KehaI
146,2026-08-24,19114,80.85827142408705,88,25.50486554358062,35,81.58465106472697,27.770398481973434,-2.2655329383928127,-0.7263796406399194,KehaI
146,2026-08-25,18230,76.25968184311574,87,21.47558968732858,35,81.58465106472697,27.770398481973434,-6.2948087946448545,-5.3249692216112265,KehaI
146,2026-08-26,18288,76.59787839020123,87,21.757436570428695,35,81.58465106472697,27.770398481973434,-6.012961911544739,-4.986772674525739,KehaI
146,2026-08-27,18419,76.62207503121776,87,22.20533145121885,35,81.58465106472697,27.770398481973434,-5.565067030754584,-4.962576033509208,KehaI
146,2026-08-28,19451,77.6425376587322,88,23.08364608503419,35,81.58465106472697,27.770398481973434,-4.686752396939244,-3.9421134059947747,KehaI
146,2026-08-31,18601,75.16310951024138,86,18.504381484866403,36,81.61977802982923,28.21586440103035,-9.711482916163945,-6.456668519587851,KehaI
146,2026-09-01,18597,77.03419906436523,88,22.740226918320158,36,81.61977802982923,28.21586440103035,-5.475637482710191,-4.585578965464009,KehaI
146,2026-09-02,18437,76.95189022075175,87,21.592449964744805,36,81.61977802982923,28.21586440103035,-6.623414436285543,-4.6678878090774845,KehaI
146,2026-09-03,18377,76.49866681177559,87,21.537791804973608,36,81.61977802982923,28.21586440103035,-6.67807259605674,-5.121111218053642,KehaI
146,2026-09-04,19258,76.40357254128155,87,21.082147678886695,36,81.61977802982923,28.21586440103035,-7.133716722143653,-5.216205488547686,KehaI
146,2026-09-07,18898,77.24880939781987,87,21.404381416022858,37,81.56180947512284,27.658553379724783,-6.254171963701925,-4.3130000773029735,KehaI
146,2026-09-08,18513,76.10819424188408,87,19.02446929184897,37,81.56180947512284,27.658553379724783,-8.634084087875813,-5.453615233238764,KehaI
146,2026-09-09,18398,76.3085117947603,87,19.38797695401674,37,81.56180947512284,27.658553379724783,-8.270576425708043,-5.253297680362536,KehaI
146,2026-09-10,18224,75.15655179982441,86,18.195785776997365,37,81.56180947512284,27.658553379724783,-9.462767602727418,-6.405257675298429,KehaI
146,2026-09-11,19541,77.12537741159613,87,20.771710761987617,37,81.56180947512284,27.658553379724783,-6.886842617737166,-4.436432063526709,KehaI
146,2026-09-14,19657,79.57730070712724,87,19.60624713842397,38,80.85148566865597,25.135538371017905,-5.529291232593934,-1.2741849615287322,KehaI
146,2026-09-15,19280,80.03884854771785,87,20.549792531120332,38,80.85148566865597,25.135538371017905,-4.585745839897573,-0.8126371209381205,KehaI
146,2026-09-16,17856,78.32554883512545,86,16.453853046594983,38,80.85148566865597,25.135538371017905,-8.681685324422922,-2.5259368335305226,KehaI
146,2026-09-17,19009,79.15208585406913,87,19.048871587142933,38,80.85148566865597,25.135538371017905,-6.086666783874971,-1.6993998145868403,KehaI
146,2026-09-18,19645,78.55785187070501,86,17.23593789768389,38,80.85148566865597,25.135538371017905,-7.899600473334015,-2.2936337979509602,KehaI
146,2026-09-21,19483,79.7006621156906,87,19.350202740851,39,81.86964316091127,28.299812878659008,-8.949610137808008,-2.1689810452206615,KehaI
146,2026-09-22,16008,79.2306971514243,86,18.147176411794103,39,81.86964316091127,28.299812878659008,-10.152636466864905,-2.638946009486972,KehaI
146,2026-09-23,18392,76.87913223140495,86,15.952588081774685,39,81.86964316091127,28.299812878659008,-12.347224796884323,-4.990510929506314,KehaI
146,2026-09-24,18444,70.71980047711993,84,11.412925612665365,39,81.86964316091127,28.299812878659008,-16.886887265993643,-11.149842683791334,KehaI
146,2026-09-25,19667,70.45243300961,84,10.357451568617481,39,81.86964316091127,28.299812878659008,-17.942361310041527,-11.417210151301262,KehaI
147,2026-07-27,23344,82.56986806031529,89,29.90918437285812,31,82.9946792153273,31.725893770247946,-1.8167093973898254,-0.4248111550120086,KehaI
147,2026-07-28,23042,82.9712264560368,89,31.538060932210744,31,82.9946792153273,31.725893770247946,-0.18783283803720252,-0.02345275929049251,KehaI
147,2026-07-29,22751,82.94549690123512,89,31.15467451980133,31,82.9946792153273,31.725893770247946,-0.5712192504466174,-0.0491823140921781,KehaI
147,2026-07-30,23637,83.07374032237594,89,32.11913525405085,31,82.9946792153273,31.725893770247946,0.3932414838029068,0.07906110704864489,KehaI
147,2026-07-31,23517,82.53986477867075,89,29.889016456180634,31,82.9946792153273,31.725893770247946,-1.836877314067312,-0.4548144366565481,KehaI
147,2026-08-03,23266,81.98684776068082,88,28.161265365769793,32,82.16651520860577,28.338172603083834,-0.17690723731404034,-0.17966744792495604,KehaI
147,2026-08-04,23038,80.92876985849466,88,27.298376595190554,32,82.16651520860577,28.338172603083834,-1.0397960078932798,-1.237745350111112,KehaI
147,2026-08-05,22520,82.57895204262877,89,30.50177619893428,32,82.16651520860577,28.338172603083834,2.1636035958504465,0.4124368340229978,KehaI
147,2026-08-06,22428,81.7252987337257,88,28.187979311574818,32,82.16651520860577,28.338172603083834,-0.15019329150901584,-0.4412164748800791,KehaI
147,2026-08-07,23655,82.57239484252801,89,29.63009934474741,32,82.16651520860577,28.338172603083834,1.291926741663577,0.4058796339222397,KehaI
147,2026-08-10,22418,80.950040146311,88,23.949504862164332,33,81.84470664466596,28.85633989587336,-4.906835033709029,-0.8946664983549653,KehaI
147,2026-08-11,21540,81.52961931290622,88,26.37883008356546,33,81.84470664466596,28.85633989587336,-2.4775098123079005,-0.3150873317597416,KehaI
147,2026-08-12,22471,82.33785768323617,88,28.43220150416092,33,81.84470664466596,28.85633989587336,-0.42413839171244305,0.49315103857020404,KehaI
147,2026-08-13,22402,82.36902955093295,88,28.61351665029908,33,81.84470664466596,28.85633989587336,-0.24282324557428225,0.5243229062669883,KehaI
147,2026-08-14,23338,82.68489159310995,89,30.641014654212015,33,81.84470664466596,28.85633989587336,1.784674758338653,0.8401849484439907,KehaI
147,2026-08-17,22087,81.25453886901798,88,26.92986824829085,34,81.9291232048375,29.318216175359034,-2.3883479270681853,-0.6745843358195174,KehaI
147,2026-08-18,20428,81.10980027413355,88,27.011944390052868,34,81.9291232048375,29.318216175359034,-2.3062717853061656,-0.8193229307039473,KehaI
147,2026-08-20,22095,80.27992758542656,88,25.489929848381987,34,81.9291232048375,29.318216175359034,-3.8282863269770466,-1.649195619410932,KehaI
147,2026-08-21,26580,80.83419864559819,88,26.11361926260346,34,81.9291232048375,29.318216175359034,-3.204596912755573,-1.0949245592393027,KehaI
147,2026-08-24,25589,80.73254132635117,88,25.131892610105904,35,82.1230031828113,28.908394003311333,-3.7765013932054288,-1.390461856460135,KehaI
147,2026-08-25,21656,71.03347801994828,82,7.272811230144071,35,82.1230031828113,28.908394003311333,-21.63558277316726,-11.089525162863026,KehaI
147,2026-08-26,21975,71.87331058020477,82,8.095563139931741,35,82.1230031828113,28.908394003311333,-20.81283086337959,-10.24969260260653,KehaI
147,2026-08-27,22272,72.08306393678161,82,8.517420977011493,35,82.1230031828113,28.908394003311333,-20.39097302629984,-10.03993924602969,KehaI
147,2026-08-28,22888,72.38828206920657,83,8.602761272282418,35,82.1230031828113,28.908394003311333,-20.305632731028915,-9.734721113604735,KehaI
147,2026-08-31,22282,71.02181132752895,81,6.547886186159231,36,82.1554639050204,28.792588436869796,-22.244702250710564,-11.133652577491446,KehaI
147,2026-09-01,22562,72.00004432231185,82,8.549773956209556,36,82.1554639050204,28.792588436869796,-20.24281448066024,-10.155419582708546,KehaI
147,2026-09-02,21930,71.88317373461012,82,7.920656634746922,36,82.1554639050204,28.792588436869796,-20.871931802122873,-10.272290170410272,KehaI
147,2026-09-03,22260,71.09389038634322,82,7.124887690925426,36,82.1554639050204,28.792588436869796,-21.66770074594437,-11.061573518677179,KehaI
147,2026-09-04,22902,71.7158326783687,82,7.785346257968737,36,82.1554639050204,28.792588436869796,-21.00724217890106,-10.439631226651699,KehaI
147,2026-09-07,22233,72.06908649305088,82,7.686771915620924,37,81.87111070979782,28.045779814442763,-20.35900789882184,-9.802024216746943,KehaI
147,2026-09-08,22171,71.19214288935997,81,6.3957421857381265,37,81.87111070979782,28.045779814442763,-21.650037628704638,-10.678967820437848,KehaI
147,2026-09-09,22029,71.18575514095056,82,7.049797993553952,37,81.87111070979782,28.045779814442763,-20.99598182088881,-10.685355568847257,KehaI
147,2026-09-10,22077,70.493500022648007,81,6.327852516193324,37,81.87111070979782,28.045779814442763,-21.71792729824944,-11.377610687149811,KehaI
147,2026-09-11,22922,72.0449786231568,82,7.76110287060466,37,81.87111070979782,28.045779814442763,-20.284676943838104,-9.826132086641024,KehaI
147,2026-09-14,23125,70.07407567567567,80,4.851891891891892,38,81.73684789267817,27.71407028071443,-22.86217838882254,-11.662772217002498,KehaI
147,2026-09-15,22776,70.56208289427468,80,4.772567615033369,38,81.73684789267817,27.71407028071443,-22.941502665681064,-11.17476499840349,KehaI
147,2026-09-16,19888,69.16004625905069,79,3.831456154465004,38,81.73684789267817,27.71407028071443,-23.882614126249425,-12.576801633627483,KehaI
147,2026-09-17,21736,69.79582259845418,80,5.046926757453074,38,81.73684789267817,27.71407028071443,-22.66714352326136,-11.94102529422399,KehaI
147,2026-09-18,22633,69.89365086378297,80,4.608315291830513,38,81.73684789267817,27.71407028071443,-23.105754988883916,-11.843197028895204,KehaI
147,2026-09-21,22405,70.08221379156439,80,4.838205757643383,39,82.133514754656,28.022980034205478,-23.184774276562095,-12.05130096309162,KehaI
147,2026-09-22,20564,70.04736432600662,80,4.648900992024898,39,82.133514754656,28.022980034205478,-23.37407904218058,-12.08615042864939,KehaI
147,2026-09-23,21425,68.13596266044341,78,3.2718786464410736,39,82.133514754656,28.022980034205478,-24.751101387764404,-13.997552094212594,KehaI
147,2026-09-24,20506,65.19725933873013,75,2.009168048376085,39,82.133514754656,28.022980034205478,-26.013811985829392,-16.93625541592587,KehaI
147,2026-09-25,21903,64.64950006848377,76,2.2143085422088298,39,82.133514754656,28.022980034205478,-25.80867149199665,-17.48401468617223,KehaI
149,2026-07-27,14580,78.7880658436214,87,21.824417009602193,31,78.26875115341014,23.200021090928264,-1.3756040813260704,0.5193146902112602,KehaI
149,2026-07-28,14496,78.92515176600442,88,23.17190949227373,31,78.26875115341014,23.200021090928264,-0.028111598654533054,0.6564006125942825,KehaI
149,2026-07-29,14761,78.00941670618522,87,22.843980760111105,31,78.26875115341014,23.200021090928264,-0.3560403308171587,-0.2593344472249157,KehaI
149,2026-07-30,14751,78.28831943597044,87,22.737441529387837,31,78.26875115341014,23.200021090928264,-0.46257956154042645,0.019568282560300077,KehaI
149,2026-07-31,14656,77.60848799126637,87,22.291211790393014,31,78.26875115341014,23.200021090928264,-0.9088093005352498,-0.6602631621437638,KehaI
149,2026-08-03,14394,77.56829234403223,87,22.106433236070586,32,77.85958875715114,21.38435176740458,0.7220814686660049,-0.2912964131189142,KehaI
149,2026-08-04,14547,78.01264865608029,87,22.210765106207464,32,77.85958875715114,21.38435176740458,0.8264133388028831,0.1530598989291434,KehaI
149,2026-08-05,14185,78.06478674656327,87,22.72118434966514,32,77.85958875715114,21.38435176740458,1.3368325822605591,0.2051979894121274,KehaI
149,2026-08-06,14170,77.47099505998588,87,21.679604798870855,32,77.85958875715114,21.38435176740458,0.2952530314662738,-0.3885936971652626,KehaI
149,2026-08-07,14399,77.32898117924856,87,21.557052573095355,32,77.85958875715114,21.38435176740458,0.1727008056907735,-0.5306075779025861,KehaI
149,2026-08-10,13592,76.83482931135963,87,19.27604473219541,33,77.79502923568567,21.13900556803751,-1.8629608358421024,-0.960199924326048,KehaI
149,2026-08-11,13691,78.22050982397195,87,21.04302096267621,33,77.79502923568567,21.13900556803751,-0.09598460536130204,0.4254805882862769,KehaI
149,2026-08-12,13923,78.18824965883789,87,21.288515406162464,33,77.79502923568567,21.13900556803751,0.14950983812495267,0.39322042315221495,KehaI
149,2026-08-13,13940,78.04835007173601,87,21.886657101865136,33,77.79502923568567,21.13900556803751,0.7476515338276251,0.2533208360503352,KehaI
149,2026-08-14,14255,77.11182041388986,87,20.9470361276745,33,77.79502923568567,21.13900556803751,-0.19196944036301034,-0.6832088217958159,KehaI
149,2026-08-17,13676,77.55469435507459,87,20.03509798186604,34,78.21988871450992,21.93037523184477,-1.8952772499787294,-0.6651943594353327,KehaI
149,2026-08-18,14052,77.72245943637917,87,20.76572729860518,34,78.21988871450992,21.93037523184477,-1.1646479332395892,-0.49742927813075255,KehaI
149,2026-08-20,13244,77.20077016007248,87,19.593778314708548,34,78.21988871450992,21.93037523184477,-2.336596917136223,-1.0191185544374406,KehaI
149,2026-08-21,13754,76.32943143812709,87,20.03780718336484,34,78.21988871450992,21.93037523184477,-1.89256804847993,-1.8904572763828327,KehaI
149,2026-08-24,13480,78.10623145400594,87,21.060830860534125,35,78.28105583346549,21.20749059350988,-0.14665973297575619,-0.17482437945955098,KehaI
149,2026-08-25,14002,77.81302671046993,87,19.561491215540638,35,78.28105583346549,21.20749059350988,-1.6459993779692432,-0.46802912299556,KehaI
149,2026-08-26,14153,78.26248851833533,87,20.341976966014272,35,78.28105583346549,21.20749059350988,-0.8655136274956092,-0.018567315130155748,KehaI
149,2026-08-27,14583,77.76534320784475,87,20.421038195158747,35,78.28105583346549,21.20749059350988,-0.786452398351134,-0.5157126256207363,KehaI
149,2026-08-28,14344,77.71256274400446,87,20.782208588957054,35,78.28105583346549,21.20749059350988,-0.4252820045528267,-0.5684930894610289,KehaI
149,2026-08-31,14034,77.83867749750605,86,17.920763859199088,36,78.19935914704173,20.915625753214897,-2.994861894015809,-0.36068164953567816,KehaI
149,2026-09-01,14358,78.18393926730742,87,19.842596461902772,36,78.19935914704173,20.915625753214897,-1.0730292913121247,-0.015419879734309916,KehaI
149,2026-09-02,14251,77.93944284611607,87,19.282857343344325,36,78.19935914704173,20.915625753214897,-1.6327684098705717,-0.2599163009256671,KehaI
149,2026-09-03,14313,78.02920421993991,87,20.009781317683224,36,78.19935914704173,20.915625753214897,-0.905844435531673,-0.17015492710181945,KehaI
149,2026-09-04,14203,77.98950925860734,87,19.876082517777935,36,78.19935914704173,20.915625753214897,-1.0395432354369625,-0.20984988843439112,KehaI
149,2026-09-07,13945,78.94442452491933,87,21.068483327357477,37,77.81035046562877,20.51752328143883,0.5509600459186466,1.1340740592905547,KehaI
149,2026-09-08,13742,78.27717944986173,86,18.41798864794062,37,77.81035046562877,20.51752328143883,-2.099534633498209,0.4668289842329614,KehaI
149,2026-09-09,11757,77.79773751807434,87,19.273624223866634,37,77.81035046562877,20.51752328143883,-1.2438990575721967,-0.01261294755443032,KehaI
149,2026-09-10,14208,78.06489301801801,87,19.017454954954953,37,77.81035046562877,20.51752328143883,-1.500068326483877,0.25454255238923906,KehaI
149,2026-09-11,13975,77.64486583184258,87,19.377459749552774,37,77.81035046562877,20.51752328143883,-1.1400635318860566,-0.1654846337861926,KehaI
149,2026-09-14,14034,78.43601254097193,87,20.044178423827848,38,78.01388234441262,19.50233788828881,0.5418405355390377,0.4221301965593085,KehaI
149,2026-09-15,12570,75.7895783611774,87,18.910103420843278,38,78.01388234441262,19.50233788828881,-0.5922344674455324,-2.2243039832352167,KehaI
149,2026-09-16,13399,77.0873945816852,86,16.22509142473319,38,78.01388234441262,19.50233788828881,-3.2772464635556204,-0.9264877627274188,KehaI
149,2026-09-17,13566,77.92790800530739,86,19.003390830016215,38,78.01388234441262,19.50233788828881,-0.498947058272595,-0.08597433910523478,KehaI
149,2026-09-18,13698,77.43977222952256,86,17.659512337567527,38,78.01388234441262,19.50233788828881,-1.8428255507212832,-0.5741101148900611,KehaI
149,2026-09-21,13437,77.75173029694128,86,17.667634144526307,39,78.77468424449157,21.222457822439385,-3.5548236779130775,-1.0229539475502918,KehaI
149,2026-09-22,13361,77.32939151261134,86,17.184342489334632,39,78.77468424449157,21.222457822439385,-4.038115333104752,-1.4452927318802296,KehaI
149,2026-09-23,13209,77.3525626466803,86,16.519040048451814,39,78.77468424449157,21.222457822439385,-4.703417773987571,-1.4221215978112696,KehaI
149,2026-09-24,13246,76.74309225426543,86,15.9444360561679,39,78.77468424449157,21.222457822439385,-5.278021766271484,-2.031591990226133,KehaI
149,2026-09-25,13123,75.93606644822069,85,14.486016916863521,39,78.77468424449157,21.222457822439385,-6.736440905575863,-2.8386177962708814,KehaI
153,2026-07-27,15337,82.59424920127796,90,33.983177935711026,31,83.12142589209007,36.714543276502546,-2.7313653407915197,-0.5271766908121123,verrokki
153,2026-07-28,15460,82.55737386804657,90,33.738680465717984,31,83.12142589209007,36.714543276502546,-2.9758628107845624,-0.5640520240435052,verrokki
153,2026-07-29,15394,82.79712875146161,90,34.870728855398205,31,83.12142589209007,36.714543276502546,-1.8438144211043408,-0.3242971406284596,verrokki
153,2026-07-30,15608,82.61570989236289,90,34.053049718093284,31,83.12142589209007,36.714543276502546,-2.661493558409262,-0.5057159997271867,verrokki
153,2026-07-31,15746,82.5297218341166,90,33.557728947034164,31,83.12142589209007,36.714543276502546,-3.156814329468382,-0.5917040579734731,verrokki
153,2026-08-03,15868,82.58016133098059,90,33.57070834383665,32,82.68464402047464,34.68124709167054,-1.1105387478338926,-0.10448268949404849,verrokki
153,2026-08-04,15999,82.74717169823114,90,34.99593724607788,32,82.68464402047464,34.68124709167054,0.3146901544073373,0.06252767775650625,verrokki
153,2026-08-05,16222,82.78868203674023,90,34.7675995561583,32,82.68464402047464,34.68124709167054,0.08635246448776002,0.10403801626559073,verrokki
153,2026-08-06,16521,82.60305066279281,90,34.211004176502634,32,82.68464402047464,34.68124709167054,-0.4702429151679084,-0.0815933576818253,verrokki
153,2026-08-07,16388,82.70258725896998,90,34.220161093483036,32,82.68464402047464,34.68124709167054,-0.4610859981875066,0.017943238495348623,verrokki
153,2026-08-10,16406,82.11270266975497,90,31.695721077654518,33,82.78950345114153,35.833006302084534,-4.137285224430016,-0.6768007813865609,verrokki
153,2026-08-11,16414,82.13835749969539,90,31.942244425490436,33,82.78950345114153,35.833006302084534,-3.890761876594098,-0.6511459514461393,verrokki
153,2026-08-12,16616,81.58636254212807,89,29.826673086181994,33,82.78950345114153,35.833006302084534,-6.00633321590254,-1.203140909013456,verrokki
153,2026-08-13,16683,82.51291734100582,90,34.01066954384703,33,82.78950345114153,35.833006302084534,-1.8223367582375047,-0.27658611013571033,verrokki
153,2026-08-14,16806,82.82083779602523,90,35.070808044745924,33,82.78950345114153,35.833006302084534,-0.7621982573386106,0.031334344883703125,verrokki
153,2026-08-17,16674,82.33465275278877,90,33.6272040302267,34,82.96631089311826,35.797266645941995,-2.1700626157152954,-0.6316581403294919,verrokki
153,2026-08-18,16624,82.32158325312801,90,33.16289701636189,34,82.96631089311826,35.797266645941995,-2.6343696295801067,-0.6447276399902506,verrokki
153,2026-08-20,17073,82.09324664675218,90,32.50746793182218,34,82.96631089311826,35.797266645941995,-3.2897987141198186,-0.8730642463660843,verrokki
153,2026-08-21,16994,82.61098034600447,90,34.41214546310462,34,82.96631089311826,35.797266645941995,-1.3851211828373735,-0.35533054711379464,verrokki
153,2026-08-24,17013,82.38076764826897,90,33.12760829953565,35,82.84112752667849,35.27323852766958,-2.145630228133925,-0.46035987840951975,verrokki
153,2026-08-25,16923,82.49896590439047,90,33.475152159782546,35,82.84112752667849,35.27323852766958,-1.7980863678870307,-0.3421616222880175,verrokki
153,2026-08-26,16871,82.41194949914053,90,34.36666469088969,35,82.84112752667849,35.27323852766958,-0.9065738367798843,-0.429178027537958,verrokki
153,2026-08-27,16884,82.60210850509358,90,34.41719971570718,35,82.84112752667849,35.27323852766958,-0.8560388119623994,-0.23901902158490884,verrokki
153,2026-08-28,17053,82.7572274673078,91,34.74461971500616,35,82.84112752667849,35.27323852766958,-0.5286188126634173,-0.08390005937069134,verrokki
153,2026-08-31,17059,81.71973738202708,89,30.752095667975848,36,82.95511773631236,35.87106339113011,-5.11896772315426,-1.235380354285283,verrokki
153,2026-09-01,16671,82.71219482934437,90,34.790954351868514,36,82.95511773631236,35.87106339113011,-1.0801090392615933,-0.24292290696799057,verrokki
153,2026-09-02,16896,82.60884232954545,90,34.753787878787875,36,82.95511773631236,35.87106339113011,-1.117275512342232,-0.3462754067669067,verrokki
153,2026-09-03,17077,82.75762721789542,90,34.9475903261697,36,82.95511773631236,35.87106339113011,-0.9234730649604046,-0.19749051841694154,verrokki
153,2026-09-04,17011,82.8081829404503,91,35.23602374933866,36,82.95511773631236,35.87106339113011,-0.6350396417914439,-0.14693479586206593,verrokki
153,2026-09-07,16430,82.50979914790018,90,33.32318928788801,37,82.58540095561568,34.586379598180876,-1.2631903102928632,-0.07560180771550051,verrokki
153,2026-09-08,16586,82.17526829856506,90,32.50934523091764,37,82.58540095561568,34.586379598180876,-2.077034367263238,-0.4101326570506245,verrokki
153,2026-09-09,16688,81.98669702780441,90,32.256711409395976,37,82.58540095561568,34.586379598180876,-2.3296681887849005,-0.5987039278112718,verrokki
153,2026-09-10,17047,82.11374435384525,90,32.31067049920807,37,82.58540095561568,34.586379598180876,-2.275709098972804,-0.4716566017704338,verrokki
153,2026-09-11,17120,82.51769859813083,90,33.97780373831776,37,82.58540095561568,34.586379598180876,-0.6085758598631159,-0.06770235748484765,verrokki
153,2026-09-14,16646,82.46323441066923,90,33.73783491529497,38,82.12774178753655,33.55156796422634,0.18626695106863167,0.33549262313268,verrokki
153,2026-09-15,16819,82.7096735834473,90,34.65723289137285,38,82.12774178753655,33.55156796422634,1.1056649271465133,0.581931795910748,verrokki
153,2026-09-16,16699,81.82100724594287,89,30.684472124079285,38,82.12774178753655,33.55156796422634,-2.8670958401470514,-0.3067345415936842,verrokki
153,2026-09-17,17012,82.23318833764401,90,32.75335057606395,38,82.12774178753655,33.55156796422634,-0.7982173881623851,0.10544655010745885,verrokki
153,2026-09-18,17288,81.7649814900509,89,30.506709856547893,38,82.12774178753655,33.55156796422634,-3.0448581076784436,-0.3627602974856501,verrokki
153,2026-09-21,16703,82.31700892055319,90,33.09585104472251,39,82.91150148676347,35.673662634602614,-2.577811589880106,-0.5944925662102776,verrokki
153,2026-09-22,16957,81.98791059739341,89,30.937076133750075,39,82.91150148676347,35.673662634602614,-4.736586500852539,-0.9235908893700611,verrokki
153,2026-09-23,16909,81.88846176592347,89,30.681885386480573,39,82.91150148676347,35.673662634602614,-4.991777248122041,-1.0230397208400035,verrokki
153,2026-09-24,17118,81.62191844841688,89,30.114499357401566,39,82.91150148676347,35.673662634602614,-5.559163277201048,-1.289583038346592,verrokki
153,2026-09-25,17569,81.05845523365018,89,28.100631794638282,39,82.91150148676347,35.673662634602614,-7.573030839964332,-1.8530462531132912,verrokki
154,2026-07-27,16861,97.60192159421149,107,21.872961271573452,31,97.8675603338777,22.1885773906732,-0.3156161190997473,-0.26563873966621543,verrokki
154,2026-07-28,17373,97.78322684625569,108,22.523455937374088,31,97.8675603338777,22.1885773906732,0.3348785467008888,-0.08433348762201831,verrokki
154,2026-07-29,17404,98.37612043208458,108,23.91404274879338,31,97.8675603338777,22.1885773906732,1.7254653581201822,0.5085600982068712,verrokki
154,2026-07-30,17725,98.26420310296191,108,23.15937940761636,31,97.8675603338777,22.1885773906732,0.9708020169431606,0.3966427690842096,verrokki
154,2026-07-31,18016,97.71947158081706,108,22.13032859680284,31,97.8675603338777,22.1885773906732,-0.05824879387035864,-0.14808875306064806,verrokki
154,2026-08-03,17551,98.33177596718136,108,23.360492279642184,32,97.24314700349369,20.980023291229955,2.380468988412229,1.0886289636876683,verrokki
154,2026-08-04,17558,98.43626836769563,108,23.892242852261077,32,97.24314700349369,20.980023291229955,2.9122195610311223,1.193121364201943,verrokki
154,2026-08-05,17955,98.35505430242273,108,23.720412141464774,32,97.24314700349369,20.980023291229955,2.740388850234819,1.1119072989290402,verrokki
154,2026-08-06,18302,98.38148836192765,108,23.822533056496557,32,97.24314700349369,20.980023291229955,2.842509765266602,1.1383413584339621,verrokki
154,2026-08-07,18234,98.35110233629483,108,23.68103542832072,32,97.24314700349369,20.980023291229955,2.701012137090764,1.10795533280114,verrokki
154,2026-08-10,17670,97.12076966610074,107,20.633842671194113,33,97.70448321727564,22.134418277130116,-1.5005756059360031,-0.5837135511748954,verrokki
154,2026-08-11,17577,97.90168970814132,108,22.097058656198442,33,97.70448321727564,22.134418277130116,-0.03735962093167444,0.19720649086568187,verrokki
154,2026-08-12,17691,98.33305070374767,108,23.458255610197277,33,97.70448321727564,22.134418277130116,1.3238373330671607,0.6285674864720363,verrokki
154,2026-08-13,18056,98.67301727957465,108,24.335400974745237,33,97.70448321727564,22.134418277130116,2.200982697615121,0.968534062299014,verrokki
154,2026-08-14,18658,98.56040304427056,108,24.31664701468539,33,97.70448321727564,22.134418277130116,2.182228737555274,0.8559198269949206,verrokki
154,2026-08-17,17705,97.94724654052527,108,22.761931657723807,34,98.05253405504958,22.57234943344526,0.18958222427854565,-0.1052875145243064,verrokki
154,2026-08-18,17452,98.0795897318359,108,22.788219115287646,34,98.05253405504958,22.57234943344526,0.21586968184238486,0.027055676786318372,verrokki
154,2026-08-20,18186,97.08671505553723,107,20.68624216430221,34,98.05253405504958,22.57234943344526,-1.88610726914305,-0.9658189995123507,verrokki
154,2026-08-21,18476,97.92390127733276,108,22.661831565273868,34,98.05253405504958,22.57234943344526,0.08948213182860698,-0.1286327777168168,verrokki
154,2026-08-24,17313,97.67683243805233,108,22.087448737942587,35,97.48158287705326,21.24643649033893,0.8410122476036577,0.19524956099907342,verrokki
154,2026-08-25,15623,97.91173270178582,108,22.74851180951162,35,97.48158287705326,21.24643649033893,1.5020753191726897,0.4301498247325668,verrokki
154,2026-08-26,15180,98.23952569169961,108,23.26086956521739,35,97.48158287705326,21.24643649033893,2.014433074878461,0.7579428146463556,verrokki
154,2026-08-27,18183,98.28158169718968,108,23.180993235439697,35,97.48158287705326,21.24643649033893,1.9345567451007675,0.7999988201364232,verrokki
154,2026-08-28,18721,98.37936007691897,108,23.54575076117729,35,97.48158287705326,21.24643649033893,2.2993142708383587,0.8977771998657147,verrokki
154,2026-08-31,17423,96.20071170292142,107,18.51001549675716,36,97.72924934703707,21.959906380380584,-3.449890883623425,-1.5285376441156444,verrokki
154,2026-09-01,17541,98.32033521463998,108,23.835585200387662,36,97.72924934703707,21.959906380380584,1.875678820007078,0.5910858676029136,verrokki
154,2026-09-02,17666,98.20196988565607,108,23.565040190195855,36,97.72924934703707,21.959906380380584,1.6051338098152712,0.47272053861900076,verrokki
154,2026-09-03,17834,98.4642256364248,108,24.217786250981273,36,97.72924934703707,21.959906380380584,2.2578798706006893,0.7349762893877312,verrokki
154,2026-09-04,18776,98.40850021303793,108,24.270345121431614,36,97.72924934703707,21.959906380380584,2.31043874105103,0.6792508660008565,verrokki
154,2026-09-07,17051,98.41733622661428,108,23.82264969796493,37,97.01751967831228,20.01435292241448,3.808296775550449,1.3998165483019989,verrokki
154,2026-09-08,16994,97.19530422502059,107,20.41897140167118,37,97.01751967831228,20.01435292241448,0.4046184792566976,0.17778454670830968,verrokki
154,2026-09-09,17440,97.10298165137614,107,20.424311926605505,37,97.01751967831228,20.01435292241448,0.40995900419102327,0.0854619730638575,verrokki
154,2026-09-10,17695,97.53664877083922,108,21.972308561740604,37,97.01751967831228,20.01435292241448,1.9579556393261228,0.5191290925269385,verrokki
154,2026-09-11,18329,98.067816029243275,108,23.25276883627039,37,97.01751967831228,20.01435292241448,3.23841591385591,1.0502963509309922,verrokki
154,2026-09-14,17090,98.28841427735517,108,23.09537741369222,38,91.30969702104996,11.176207134470362,11.919170279221857,6.978717256305217,verrokki
154,2026-09-15,17259,98.2613708789617,108,23.182107885740773,38,91.30969702104996,11.176207134470362,12.005900751270412,6.951673857911743,verrokki
154,2026-09-16,17530,96.74854535082716,107,19.726183685111238,38,91.30969702104996,11.176207134470362,8.549976550640876,5.438848329777201,verrokki
154,2026-09-17,17766,98.27181132500282,108,23.297309467522233,38,91.30969702104996,11.176207134470362,12.121102333051871,6.962114303952859,verrokki
154,2026-09-18,18546,96.92618354362126,107,20.32783349509328,38,91.30969702104996,11.176207134470362,9.151626360622918,5.616486522571307,verrokki
154,2026-09-21,16993,97.77261225210381,108,22.250338374624846,39,92.09016739754367,10.527542650679642,11.722795723945204,5.682444854560146,verrokki
154,2026-09-22,17228,97.60413280705828,107,21.47666589273276,39,92.09016739754367,10.527542650679642,10.949123242053119,5.513965409514611,verrokki
154,2026-09-23,17441,97.24752021099708,107,20.790092311220686,39,92.09016739754367,10.527542650679642,10.262549660541044,5.157352813453414,verrokki
154,2026-09-24,17673,96.68726305664008,107,20.262547388671987,39,92.09016739754367,10.527542650679642,9.735004737992345,4.597095659096411,verrokki
154,2026-09-25,18398,95.44070007609523,106,16.425698445483206,39,92.09016739754367,10.527542650679642,5.898155794803564,3.3505326785515592,verrokki
164,2026-07-27,13539,64.94984858556762,73,42.91306595760396,31,75.23662880458757,83.32460299955889,-40.41153704195493,-10.286780219019946,verrokki
164,2026-07-28,13867,64.73945337852456,73,41.926876757770245,31,75.23662880458757,83.32460299955889,-41.39772624178865,-10.49717542606301,verrokki
164,2026-07-29,14134,64.45054478562332,72,39.88962784774303,31,75.23662880458757,83.32460299955889,-43.43497515181586,-10.786084018964246,verrokki
164,2026-07-30,14288,65.01084826427771,73,43.358062709966404,31,75.23662880458757,83.32460299955889,-39.96654028959249,-10.225780540309856,verrokki
164,2026-07-31,14367,65.13176028398414,73,43.662560033409896,31,75.23662880458757,83.32460299955889,-39.662042966148995,-10.104868520603432,verrokki
164,2026-08-03,14033,64.520059858904,72,40.4190123280838,32,74.1252106080104,79.54813802618835,-39.12912569810455,-9.6051507491064,verrokki
164,2026-08-04,14285,64.7213160658033,72,41.575078753937696,32,74.1252106080104,79.54813802618835,-37.97305927225066,-9.403894542207112,verrokki
164,2026-08-05,14482,64.58596878884131,73,41.4169313630714,32,74.1252106080104,79.54813802618835,-38.131206663116956,-9.539241819169092,verrokki
164,2026-08-06,14564,64.55314474045592,72,40.620708596539416,32,74.1252106080104,79.54813802618835,-38.92742942964894,-9.572065867554485,verrokki
164,2026-08-07,14870,64.56294552790854,72,40.02017484868863,32,74.1252106080104,79.54813802618835,-39.52796317749972,-9.562265080101866,verrokki
164,2026-08-10,14183,63.87125431855038,71,37.08665303532398,33,73.98550840993938,79.42542116601768,-42.33876813069371,-10.114254091389007,verrokki
164,2026-08-11,14204,63.116094058011825,71,35.37735849056604,33,73.98550840993938,79.42542116601768,-44.048062675451646,-10.86941435192756,verrokki
164,2026-08-12,14661,63.648182252233816,71,36.573221471932335,33,73.98550840993938,79.42542116601768,-42.85219969408535,-10.337326157705569,verrokki
164,2026-08-13,14744,63.72409115572436,71,36.577590884427565,33,73.98550840993938,79.42542116601768,-42.84783028159012,-10.261417254215026,verrokki
164,2026-08-14,15077,64.59779797041851,72,41.03601512237182,33,73.98550840993938,79.42542116601768,-38.38940604364586,-9.387710439520873,verrokki
164,2026-08-17,14195,63.543148996125396,72,38.25995068686157,34,74.24785521528402,80.09478672985782,-41.834836042996244,-10.704706219158624,verrokki
164,2026-08-18,14205,63.1921858500528,71,37.022175290390706,34,74.24785521528402,80.09478672985782,-43.07261143946711,-11.055669365231218,verrokki
164,2026-08-20,14406,62.93086214077468,71,35.9086491739553,34,74.24785521528402,80.09478672985782,-44.18613755590252,-11.316993074509341,verrokki
164,2026-08-21,14899,64.11940398684476,72,38.13678770387274,34,74.24785521528402,80.09478672985782,-41.957999025985075,-10.12845122843926,verrokki
164,2026-08-24,14358,63.831801086502296,72,38.47332497562335,35,73.99530359388798,79.73186330916,-41.258538333536656,-10.163502507385687,verrokki
164,2026-08-25,14222,63.105962593165515,71,36.64041625650401,35,73.99530359388798,79.73186330916,-43.091447052655994,-10.889341000722467,verrokki
164,2026-08-26,14228,63.21661512510543,71,37.496485802642674,35,73.99530359388798,79.73186330916,-42.23537750651733,-10.778688468782555,verrokki
164,2026-08-27,14914,63.303406195520985,71,36.83787045728845,35,73.99530359388798,79.73186330916,-42.89399285187155,-10.691897398366997,verrokki
164,2026-08-28,15123,64.74707399325531,73,41.71791311247768,35,73.99530359388798,79.73186330916,-38.01395019668232,-9.24822960063267,verrokki
164,2026-08-31,14173,62.37493826289423,71,33.27453608974811,36,74.33141788232761,80.62388975615008,-47.34935366640197,-11.956479619433381,verrokki
164,2026-09-01,14298,63.46062386347741,72,38.20114701356833,36,74.33141788232761,80.62388975615008,-42.42274274258175,-10.870794018850205,verrokki
164,2026-09-02,14184,63.3295967287084,71,37.15454032712916,36,74.33141788232761,80.62388975615008,-43.469349429020916,-11.001821153619211,verrokki
164,2026-09-03,14689,63.54564640206958,72,38.11015045271972,36,74.33141788232761,80.62388975615008,-42.513739303430356,-10.785771480258035,verrokki
164,2026-09-04,15250,64.45154098360656,72,40.89180327868853,36,74.33141788232761,80.62388975615008,-39.73208647746155,-9.87987689872105,verrokki
164,2026-09-07,14128,63.23648074745187,71,36.03482446206115,37,73.85637607484722,79.42106970958845,-43.3862452475273,-10.619895327395348,verrokki
164,2026-09-08,14099,62.40875239378679,71,33.37116107525356,37,73.85637607484722,79.42106970958845,-46.04990863433489,-11.447623681060428,verrokki
164,2026-09-09,14216,62.66699493528419,71,34.38379290939786,37,73.85637607484722,79.42106970958845,-45.03727680019059,-11.189381139563032,verrokki
164,2026-09-10,14402,62.84911817803083,71,34.41883071795584,37,73.85637607484722,79.42106970958845,-45.00223899163261,-11.007257896816391,verrokki
164,2026-09-11,15185,63.954297003621996,71,37.556799473164304,37,73.85637607484722,79.42106970958845,-41.86427023642415,-9.902079071225224,verrokki
164,2026-09-14,13225,63.018298676748586,71,34.291115311909266,38,73.19488027553028,76.90930461403893,-42.618189302129664,-10.176581598781695,verrokki
164,2026-09-15,14341,63.1605187922739,71,34.71166585314832,38,73.19488027553028,76.90930461403893,-42.19763876089061,-10.034361483256383,verrokki
164,2026-09-16,14246,61.907903973045066,70,29.966306331601853,38,73.19488027553028,76.90930461403893,-46.942998282437074,-11.286976302485215,verrokki
164,2026-09-17,14421,62.56833784064905,71,33.680049927189515,38,73.19488027553028,76.90930461403893,-43.229254686849416,-10.62654243488123,verrokki
164,2026-09-18,14955,63.689802741558005,71,35.90772316950853,38,73.19488027553028,76.90930461403893,-41.0015814445304,-9.505077533972276,verrokki
164,2026-09-21,14005,62.277329525169584,70,32.18136379864334,39,73.81783876500857,78.70668953687822,-46.525325738234876,-11.54050923983899,verrokki
164,2026-09-22,14318,62.47548540298924,70,33.28677189551613,39,73.81783876500857,78.70668953687822,-45.41991764136208,-11.342353362019331,verrokki
164,2026-09-23,14198,62.43351176222003,71,33.74418932243978,39,73.81783876500857,78.70668953687822,-44.962500214438435,-11.384327002788545,verrokki
164,2026-09-24,14145,61.93913043478261,70,31.014492753623188,39,73.81783876500857,78.70668953687822,-47.69219678325503,-11.878708330225962,verrokki
164,2026-09-25,14804,62.13624696028101,70,31.160497162928937,39,73.81783876500857,78.70668953687822,-47.54619237394928,-11.681591804727567,verrokki
